index,sentence
1,"여섯 살 적에 나는 체험한 이야기라는 제목의, 원시림에 관한 책에서 기막힌 그림 하나를 본 적이 있다. 맹수를 집어삼키고 있는 보아 구렁이 그림이었다. 위의 그림은 그것을 옮겨 그린 것이다."
2, 보아 구렁이는 먹이를 씹지도 않고 통째로 집어삼킨다. 그리고는 꼼짝도 하지 못하고 여섯 달 동안 잠을 자면서 그것을 소화시킨다.
3, 나는 그래서 밀림 속에서의 모험에 대해 한참 생각해 보고 난 끝에 색연필을 가지고 내 나름대로 내 생애 첫번째 그림을 그려보았다. 나의 그림 제 일호였다. 그것은 이런 그림이었다.
4, 나는 그 걸작품을 어른들에게 보여 주면서내 그림이 무섭지 않느냐고 물었다.
5, 내 그림은 모자를 그린 게 아니었다. 그것은 코끼리를 소화시키고 있는 보아 구렁이었다.
6, 그래서 나는 어른들이 알아볼 수 있도록 보아 구렁이의 속을 그렸다. 어른들은 언제나 설명을 해주어야만 한다. 나의 그림 제 이호는 이러했다.
7," 어른들은 속이 보이거나 보이지 않거나 하는 보아 구렁이의 그림들은 집어치우고 차라리 지리, 역사, 계산, 그리고 문법 쪽에 관심을 가져보는 게 좋을 것이라고 충고해 주었다."
8, 그래서 나는 여섯 살 적에 화가라는 멋진 직업을 포기해 버렸다. 내 그림 제 일호와 제 이호가 성공을 거두지 못한 데 낙심해 버렸던 것이다. 어른들은 언제나 스스로는 아무것도 이해하지 못한다. 자꾸자꾸 설명을 해주어야 하니 맥빠지는 노릇이 아닐 수 없다.
9, 나는 그리하여 일생 동안 수없이 많은 점잖은 사람들과 수많은 접촉을 가져왔다. 어른들 틈에서 많이 살아온 것이다. 나는 가까이서 그들을 볼 수있었다. 그렇다고 해서 그들에 대한 내 생각이 나아진건 없었다.
10, 그러자 그는 아주 심각한 이야기나 되는 듯이 소곤소곤 다시 되풀이해 말했다.
11, 너무도 인상깊은 신비스러운 일을 당하게 되면 누구나 거기에 순순히 따르게 마련이다.
12, 그래서 난 또다시 그렸다.그러나 그것도 앞의 것들과 마찬가지로 거절을 당했다.
13, 나는 모터의 분해를 서둘러야 했으므로 더 이상 참지 못하고 여기 있는 이 그림을 되는대로 끄적거려 놓고는 한 마디 툭 던졌다.
14, 그러자 나의 어린 심판관의 얼굴이 환히 밝아지는 걸 보고 나는 새삼 놀라지 않을 수 없었다.
15, 내가 날아다닌다는 것을 그에게 가르쳐 주면서 나는 자랑스러워졌다. 그랬더니 그는 소리쳤다.
16, 그리고는 어린 왕자는 유쾌하게 까르르 웃어대었으므로 나는 기분이 몹시언짢아졌다.
17, 나는 문득 그의 존재의 신비로움을 이해하는 데 한 줄기 빛이 비치는 걸 깨닫고 갑자기 물었다.
18, 그러나 그는 대답을 하지 않고 내 비행기를 바라보며 신중한 빛으로 고개를 끄덕였다.
19, 그리고는 한참 동안 깊이 생각에 잠기더니 포켓에서 내가 그려 준 양의 그림을 꺼내서는 그 보물을 열심히 들여다보았다.
20," 다른 별들 이라는, 그가 슬쩍 내비친 비밀에 내가 얼마나 호기심으로 몸이 달았겠는가를 여러분은 짐작하리라."
21," 얘, 너는 어디서 왔지? 네 집이란 어디를 두고 하는 말이니? 내 양을 어 디로 데려가려는 거니?"
22," 그렇고말고, 그리고 네가 착하게만 하면, 밤에 양을 매 놓을 수 있는 고삐를 줄께. 말뚝도 주고."
23, 하지만 매 놓지 않으면 아무 데나 가서 길을 잃어버릴 수도 있을텐데. .
24, 나는 어린 왕자가 살던 별이 소혹성이라고 믿을 만한 상당한 근거를가지고 있다.
25," 그 혹성은 딱 한 번, 예전에 터키 천문학자에 의해 망원경에 잡힌 적이있었다."
26, 그 당시 그는 국제 천문학회에서 자신의 발견을 훌륭히 증명해 보였었다. 그러나 그가 입은 옷 때문에 아무도 그의 말을 믿지 않았었다. 어른들이란 모두 이런 식이다.
27, 그 애 목소리는 어떻지? 그 애가 좋아하는 놀이는 무엇이지? 나비를 수집 하는지? 라는 말을 그들은 절대로 하지 않는다.
28, 창턱에서는 제라늄 화분이 있고 지붕에는 비둘기가 있는 분홍빛의 벽돌집을 보았어요 라고 말하면 그들은 그 집이 어떤 집인지 상상하지 못한다.
29,"그들에게는 십만 프랑짜리 집을 보았어요 라고 말해야만 한다. 그러면 그들은 아, 참 좋은 집이구나! 하고 소리친다."
30, 옛날에 저보다 좀더 클까말까 한 별에서 살고 있는 어린 왕자가 있었는데 그는 친구를 가지고 싶었습니다
31, 나는 별이니 출발이니 여행에 대해 날마다 조금씩 알게 되었다. 어린 왕자가 무심결에 하는 말들을 통해 서서히 그렇게 된 것이었다. 사흘째 되는 날 바오밥나무의 비극을 알게 된 것도 그렇게 해서였다.
32, 이번에도 역시 양의 덕택이었다. 심각한 의문이 생긴 듯이 어린 왕자가 느닷없이 물었다.
33, 양이 작은 나무를 먹는다는게 왜 그리 중요한 사실인지 나는 이해할 수 없었다. 그러나 어린 왕자는 말을 이었다.
34," 나는 어린 왕자에게 바오밥나무는 작은 나무가 아니라 성당만큼이나 거대한 나무고, 한 떼의 코끼리를 데려간다 해도 바오밥나무 한 그루도 다 먹어치우지 못할 것이라고 일러주었다."
35," 어린 완자는 아이 참! 하며, 그것은 자명한 이치라는 듯이 대꾸했다. 그래서 나는 혼자서 그 수수께끼를 푸느라고 한참 머리를 짜내야만 했다."
36, 어린 왕자가 사는 별에는 다른 모든 별들과 마찬가지로 좋은 풀들과 나쁜풀들이 있었던 것이다.
37, 그리고는 우리 땅에 사는 어린아이들 머릿속에 꼭 박히도록 예쁜 그림을 하나 그려 보라고 했다.
38," 아! 어린 왕자, 너의 쓸쓸하고 단순한 생활을 이렇게 해서 나는 조금씩 조금씩 알게 되었지. 너에게는 오랫동안 심심풀이라고는 해질녘의 감미로움밖에 없었지. 나흘째 되는 날 아침, 나는 그 새로운 사실을 알았지. 네가 내게 이렇게 말했거든."
39, 너는 처음에는 몹시 놀라는 기색이었으나 곧 자기 말이 우스운 듯 웃음을 터뜨렸지. 그리고는 나에게 말했지.
40, 실제로 그럴 수도 있는 일이었다. 모두들 알고 있듯이 미국에서 정오일 때 프랑스에서는 해가 진다. 프랑스로 단숨에 달려갈 수만 있다면 해가 지는광경을 볼 수 있을 것이다.
41, 그러나 불행히도 프랑스는 너무 멀리 떨어진 곳에 있다. 그러나 너의 조그만 별에서는 의자를 몇 발짝 뒤로 물려 놓기만 하면 되었지. 그래서 언제나원할 때면 너는 석양을 바라볼 수 있었지
42," 닷새째 되는 날. 역시 양의 덕분으로 어린 왕자의 생활의 비밀을 한 가지알게 되었다. 그가 불쑥, 오랫동안 혼자 어떤 문제에 대해 곰곰이 생각하던 끝에 튀어나온 말인 듯, 나에게 물었다."
43, 어린 왕자는 일단 질문을 했을 때는 포기하는 적이 없었다. 나는 볼트 때문에 신경이 곤두서 있었으므로 되는 대로 아무렇게나 대답해 버렸다.
44, 그러나 잠시 아무 말이 없다가 어린 왕자는 원망스럽다는 듯 나에게 이렇게 톡 쏘아붙였다.
45, 그건 거짓말이야! 꽃들은 연약해. 순진하고. 꽃들은 그들이 할 수 있는 방식으로 자신을 보호하는 거야. 가시가 있으면 무서운 존재가 되는 줄로 믿는 거야
46, 이 볼트가 계속 버티면망치로 두들겨 튀어나오게 해야지 하는 생각을하고 있었다. 어린 왕자는 또다시 내 생각을 방해했다.
47, 그만해 둬! 그만해 둬! 아무래도 좋아! 난 되는대로 대답했을 뿐이야. 나에겐 지금 중대한 일이 있어!
48, 망치를 손에 들고 손가락은 시커멓게 기름투성이가 되어 그에게는 매우 흉측스럽게 보이는 물체 위로 몸을 기울이고 있는 나의 모습을 그는 바라보고있었다.
49, 그 말에 나는 조금 부끄러워졌다. 그런데도 그는 사정없이 말을 이어갔다.
50, 그는 정말로 화가 나 있었다. 온통 금빛인 그의 머리칼이 바람에 흩날리고있었다.
51, 네가 사랑하는 꽃은 위험에 처해 있지 않아 너의 양에게 굴레를 그려 줄께
52, 더 이상 무어라 말해야 좋을지 알 수 없었다. 내 자신이 무척 서투르게 느껴졌다. 어떻게 그를 감동시키고 그의 마음을 붙잡을 수 있을지 알 수 없었다 눈물의 나라는 그처럼 신비로운 것이다.
53, 그런데 그처럼 공들여 몸치장을 한 그 꽃은 하품을 하며 말하는 것이었다.
54," 아! 이제 막 잠이 깼답니다. 용서하세요, 제 머리가 온통 헝클어져 있네요"
55, 어린 왕자는 그 꽃이 그다지 겸손하지는 않다는 점을 알아챘다. 하지만 그꽃은 너무도 감동적이 아닌가!
56, 그래서 몹시 당황한 어린 왕자는 신선한 물이 담긴 물뿌리개를 찾아 그 꽃의 시중을 들어 주었다.
57, 이렇게 그 꽃은 태어나자마자 까다로운 허영심으로 그를 괴롭혔다. 어느날은 자기가 가진 네 개의 가시에 대해 이야기하면서 어린 왕자에게 이렇게말하기도 했다.
58, 내 별에 호랑이들은 없어요. 그리고 호랑이들은 풀을 먹지도 않고요라고. 어린 왕자는 항의했다.
59, 난 호랑이는 조금도 무섭지 않지만 바람은 질색이랍니다. 바람막이 가지고 있으세요?
60, 바람은 질색이라 식물로서는 안된 일이군. 이 꽃은 아주 까다로운식물이군 하고 어린 왕자는 속으로 생각했다.
61, 저녁에는 나에게 유리덮개를 씌워 주세요. 당신이 살고 있는 이곳은 매우 춥군요. 설비가 좋지 않고요.
62, 그러나 꽃은 말을 잇지 못했다. 그 꽃은 씨앗의 형태로 온 것이었다. 다른세상에 대해서 아는 게 있을 리가 없었다. 그처럼 빤한 거짓말을 하려다 들킨 게 부끄러워진 그 꽃은 어린 왕자의 잘못을 드러내기 위해서 기침을 두어 번 했다.
63, 그러자 그 꽃은 그래도 어린 왕자에게 가책을 느끼게 하려고 더 심하게 기침을 했다.
64, 그리하여 어린 왕자는 사랑에서 우러나온 호의를 가지고 있었으면서도 꽃을 의심하기 시작했다. 그는 대수롭지 않은 말들을 심각하게 받아들이고 몹시 불행해졌다.
65, 비난조의 말을 들을 수 없게 된 게 어린 왕자는 놀라웠다.그는 유리덮개를 손에 든 채 어쩔 줄 모르고 멍하니 서 있었다. 꽃의 그 조용한 다정함을이해할 수 없었다.
66," 그래, 난 너를 좋아해.넌 그걸 전혀 몰랐지.내 잘못이었어. 아무래도 좋아. 하지만 너도 나와 마찬가지로 어리석었어. 부디 행복해유리 덮개는 내버려둬. 그런 건 이제 필요없어."
67, 내 감기가 그리 대단한 건 아냐밤의 서늘한 공기는내게 유익할 거야. 나는 꽃이니까.
68, 나비를 알고 싶으면 두세 마리의 쐐기벌레는 견뎌야지. 나비는 무척 아름 다운 모양이니까. 나비가 아니라면 누가 나를 찾아주겠어? 너는 멀리에 가 있겠지. 커다란 짐승들은 두렵지 않아. 손톱이 있으니까.
69, 그러면서 꽃은 천진난만하게 네 개의 가시를 보여주었다.그리고 다시 말을 이었다.
70, 꽃은 울고 있는 자기 모습을어린 왕자에게 보이고 싶지 않았다.그토록 자존심 강한 꽃이었다
71, 첫번째 별에는 왕이 살고 있었다. 그 왕은 홍포와 흰 담비모피로 된옷을 입고 매우 검소하면서도 위엄 있는 옥좌에 앉아 있었다.
72, 나를 한 번도 본 적이 없는데어떻게 나를 알아볼까?왕에게는 세상이아주 간단하다는 것을 그는 알지 못했던 것이다. 모든 사람이 다 신하인 것이다.
73, 어린 왕자는 앉을 자리를 찾았으나 그 별은 흰 담비 모피의 그 호화스러운 망토로 온통 다 뒤덮여 있었다. 그래서 그는 서 있었다. 그리고 피곤했으므로 하품을 했다.
74, 왕의 면전에서 하품하는 것은 예절에 어긋나는 일이니라.하품을 금지하 노라.
75, 그렇다면 네게 명하노니 하품을 하도록 하라.하품하는 걸 본 지도 여러 해가 되었구나.하품하는 모습은 짐에게는 신기한 구경거리니라.자! 또 하품을 하라. 명령이니라.
76, 어흠! 어흠! 그렇다면 짐이 명하노니 어떤 때는 하품을 하고 또 어떤 때는 하지 말거라.
77, 왜냐하면 그 왕은 자신의 권위가 존중되기를 무엇보다도 원하고 있었기 때문이었다. 불복종은 용서할 수 없는 것이었다. 그는 전제 군주였다. 하지만 매우 선량했으므로 사리에 맞는 명령을 내리는 것이었다.
78, 만약에 짐이 어떤 장군더러 물새로 변하라고 명령했는데 장군이 이 명령에 따르지 않았다면 그건 장군의 잘못이 아니니라. 그건 짐의 잘못이니라 라고 그는 평상시에 늘 말하곤 했다.
79, 그러나 어린 왕자는 의아해 하고 있었다. 별은 아주 조그마했다. 왕은 무엇을 다스린담?
80, 물론이니라. 즉각 복종하노라. 규율을 어기는 것을 짐은 용서치 아니하느니라.
81, 저는 해가 지는 것을 보고 싶습니다 저의 소원을 들어주십시요. 해에게 지도록 명령해 주십시오
82," 짐이 어떤 장군에게 나비처럼 이 꽃에서 저 꽃으로 날아다닐 것을 명령하거나 비극 작품을 한 편 쓰라고 명령하거나 혹은 물새로 변하도록 명령했는데 그 장군이 그 명령을 받고 복종하지 않는다면 그가 잘못일까,짐이 잘못일까?"
83, 해가 지는 것을 네게 보게 해주겠노라. 짐이 요구하겠노라. 하지만 내 통 치 기술에 따라 조건이 갖추어지기를 기다리겠노라.
84, 어린 왕자는 하품을 했다. 해지는 것을 못 보게 된 것이 섭섭했다. 그리고 벌써 조금 심심해졌다.
85," 그건 모를 노릇이지. 짐은 아직 짐의 왕국을 순시해 보지 않았느니라. 짐은 매우 연로한데, 사륜마차를 둘 자리도 없고, 걸어다니자니 피곤해지거든."
86, 그럼 네 자신을 심판하거라. 그것이 가장 어려운 일이니라. 다른 사람을 심판하는 것보다 자기 자신을 심판하는 게 훨씬 더 어려운 법이거든. 네가 너 스스로를 훌륭히 심판할 수 있다면그건 네가 참으로 지혜로운 사람인 까닭이니라.
87, 어린 왕자는 떠날 채비를 끝마쳤으나 늙은 임금을 섭섭하게 하고 싶지 않았다.
88, 폐하의 명령이 준수되길 원하신다면 제게 이치에 맞는 명령을 내려 주시면 되지 않겠습니까.이를테면 일 분 내로 떠나도록 제게 명령하실 수 있으시잖아요. 지금 조건이 좋은 것 같습니다
89," 왕이 아무 대답도 하지 않으므로, 어린 왕자는 머뭇거리다가 한숨을 한 번 내쉬고는 길을 떠났다."
90, 어른들은 참 이상하군하고 어린 왕자는 여행하면서 속으로 중얼 거렸다.
91, 허영심 많은 사람들에겐 다른 사람들은 모두 자기를 찬양해 주는 사람들인것이다.
92, 답례하기 위해서지. 나에게 사람들이 환호를 보낼 때 답례하기 위해서지. 그런데 불행히도 이리로 지나가는 사람이 아무도 없어.
93, 어린 왕자는 두 손을 마주 두드렸다. 허영심 많은 사람은 모자를 들어올리며 점잖게 답례했다.
94,어린 왕자는 속으로 중얼거렸다. 그래서 그는 다시 두 손을 마주 두드렸다.허영심 많은 사람이 모자를 들어올리며 다시 답례를 했다.오 분쯤 되풀이하고 나니 어린 왕자는 그 장난이 재미없어졌다.
95, 그러나 허영심 많은 사람은 그의 말을 듣지 못했다. 허영심 많은 사람들에게는 오로지 찬양의 말만이 들리는 법이다.
96, 찬양한다는 건 내가 이 별에서 가장 미남이고 가장 옷을 잘 입고 가장 부자고 가장 똑똑하다고 인정해 주는 거지.
97, 그 다음 별에는 술꾼이 살고 있었다. 그 방문은 매우 짧았지만 어린 왕자를 깊은 우울에 빠뜨렸다.
98, 빈병 한 무더기와 술이 가득 차 있는 병 한 무더기를 앞에 놓고 말없이 앉아 있는 술꾼을 보고 그가 말했다.
99, 어른들은 정말 참 이상하군 하고 어린 왕자는 여행을 하면서 혼자 속으로중얼거렸다.
100, 네 번째 별은 실업가의 별이었다. 그 사람은 어찌나 바쁜지 어린 왕자가도착했을 때도 고개조차 들지 않았다.
101, 응? 너 아직도 거기 있니? 그게 생각이 안 나는구나  너무 바빠서. 나는 중대한 일을 하는 사람이야. 허튼 소리 할 시간 이 없어! 둘에다 다섯을 더하면 일곱
102, 천만에. 게으름뱅이들을 멍청이 공상에 잠기게 만드는 금빛나는 작은 것들 말이다. 헌데 난 중대한 일을 하는 사람이거든! 공상에 잠길 시간이 없어.
103, 그것들을 관리하지. 세어 보고 또 세어 보고 하지.그건 힘드는 일이야. 하지만 나는 진지한 사람이거든!
104," 나는 말이야,머플러는 소유하고 있을 때는 그것을 목에 두르고 다닐수가 있어. 또 꽃을 소유하고 있을 때는 그 꽃을 꺾어 가지고 다닐 수가 있고, 하지만 아저씨는 별들을 꺾을 수가 없잖아!"
105, 조그만 종이조각에다 내 별들의 숫자를 적어 그것을 서랍에 넣고 잠근단 말이야.
106," 그것 재미있는데. 아주 시적이고, 하지만 그리 중요한 일은 아니군 하고 어린 왕자는 생각했다."
107, 어린 왕자는 중요한 일에 대해서 어른들과 매우 다른 생각을 가지고 있었다.
108, 실업가는 입을 열어 무슨 말을 하려 했으나 할 말을 찾아 내지 못했다. 그래서 어린 왕자는 떠나 버렸다.
109, 어른들은 정말 아주 이상야릇하군 하고 어린 왕자는 여행하면서 혼자 속으로 중얼거릴 뿐이었다.
110, 난 정말 고된 직업을 가졌어. 전에는 무리가 없었는데. 아침에 불을 끄고 저녁이면 다시 켰었지. 그래서 나머지 낮시간에는 쉬고 나머지 밤시간에는 잠을 잘 수 있었거든
111, 명령은 바뀌지 않았으니까 그게 문제지! 이 별은 해가 갈수록 빨리 돌고 있는데 명령은 바뀌지 않았단 말이야!
112, 그래서 이제는 이 별이 매 분마다 일회전을 하고 있으니까 일 초도 쉴 새 가 없는 거야. 매분마다 한 번씩 껐다가 켰다가 해야하는 거지.
113, 조금도 이상할 것 없지. 우리가 이야기를 하고 있는 지가 벌써 한달이 되 어 있단다.
114, 어린 왕자는 그를 바라보았다. 명령에 그토록 충실한 그 가로등 켜는 사람이 그는 좋아졌다. 의자를 뒤로 물리면서 해지는 걸 보고 싶어하던 지난 일이 생각났다. 그 친구를 도와주고 싶었다.
115, 사람은 누구나 성실하면서도 또 한편 게으름부리고 싶을 수도있는 법인것이다.
116, 아저씨 별은 아주 작으니까 세 발짝만 옮겨 놓으면 한 바퀴 돌 수 있잖아. 언제나 햇빛 속에 있으려면 천천히 걸어가기만 하면 되는 거야. 쉬고 싶을 때면 걸어가도록 해. 그럼 해가 원하는 만큼 길어질 수 있을 거야.
117, 그건 별로 도움이 되지 못하겠는걸. 내가 무엇보다 좋아하는 건 잠을 자 는 거니까.
118," 내가 친구로 삼을 수 있었던 사람은 저 사람뿐이었는데, 그렇지만 그의 별은 너무 작아. 두 사람이 있을 자리가 없거든"
119," 그가 그 축복받은 별을 잊지 못하는 것은, 스물 네 시간 동안에 천오백사십번이나 해가 지는 때문이었다는 것은 어린 왕자가 차마 스스로에게도 고백하지 못하는 사실이었다."
120, 여섯 번째 별은 열 배나 더 큰 별이었다. 그 별에는 무지하게 커다란 책을쓰고 있는 늙은 신사 한 분이 살고 있었다.
121, 어린 왕자는 테이블 위에 걸터앉아 조금 가쁜 숨을 몰아쉬었다. 벌써 몹시도 긴 여행을 했던 것이다.
122, 어린 왕자는 말하고 지리학자의 별을 한 번 휘둘러보았다. 그처럼 멋진 별을 그는 본 적이 없었다.
123, 탐험가가 거짓말을 하면 지리책에 커다란 이변이 일어나게 될 테니까. 탐험가가 술을 너무 마셔도 그렇지.
124, 왜냐하면 술에 잔뜩 취한 사람에겐 모든 게 둘로 보이거든.그렇게 되면 지리학자는 산 하나밖에 없는 데다 산 둘을 기입하게 될지도 모르잖아.
125, 그럴 수도 있겠지. 그래서 탐험가의 정신상태가 훌륭하다고 생각될때는 그의 발견을 조사하지.
126, 아니지. 그건 너무 번잡스러우니까. 그 대신 탐험가에게 증거를 제시하라고 요구하는 거야. 예컨데 커다란 산을 발견했을 때는 커다란 돌멩이를 가져오라고 요구하는 거지.
127, 그런데 너는 멀리서 왔지! 너는 탐험가야! 너의 별이 어떤 별인지 이야기 해 줘!
128, 그러더니 지리학자는 노트를 펴고 연필을 깎았다. 탐험가의 이야기를 처음에는 연필로 적었다가그가 증거를 가져오기를 기다려서 잉크로 적는 것이었다.
129," 아, 내 별은 별로 흥미로울 게 없어요. 아주 작거든요. 화산이 셋있어요. 둘은 불이 있는 화산이고 하나는 불이 꺼진 화산이지요. 하지만 언제 어떻게 될지 모르지요."
130, 지리책은 모든 책들 중 가장 귀중한 책이야.지리책은 유행에 뒤지는 법이 없지. 산이 위치를 바꾸는 일은 매우 드물거든. 바닷물의 물이 비어버리는 일도 매우 드물고. 우리는 영원한 것들을 기록하는 거야.
131, 하지만 불 꺼진 화산들이다시 깨어날 수도 있어요. 일시적인 존재가 뭐예요?
132, 화산이 꺼져 있든 깨어 있는 우리에게는 마찬가지야. 우리에게 중요한 건 산이지. 산은 변하지 않거든.
133, 내 꽃은 일시적 존재야. 세상에 대항할 무기라곤 네 개의 가시밖에 없고!그런데 나는 그 꽃을 내 별에 혼자 내버려두고 왔어! 하고 어린 왕자는 생각했다.
134, 오직 북극의 단 하나밖에 없는 가로등 켜는 사람과 북극에 있는 그의 동료들만이 한가한고 태평스러운 생활을 하고 있었다.그들은 일년에 두 번 일을 했다.
135, 어린 왕자는 그래서 지구에 발을 들여놓았을 때 사람이라곤 통 보이지 않는데 놀랐다.
136," 그가 잘못해서 다른 별로 찾아온 게 아닌가 겁이 나 있을 때, 달같은 빛깔의 고리가 모래 속에서 움직이는 것이 보였다."
137, 누구든 언제고 다시 자기 별을 찾아낼 수 있게 별들이 환히 불 밝혀져 있 는지 궁금해. 내 별을 바라봐. 바로 우리들 위에 있어그런데 어쩌면 저렇게 멀리 있지!
138, 나를 건드리는 사람마다 그가 나왔던 땅으로 돌려보내주지.하지만 너는 순진하고 또 다른 별에서 왔으니까
139, 네가 측은해 보이는구나. 무척이나 연약한 몸으로 이 돌멩이 투성이의 지 구에 왔으니. 네 별이 몹시 그리울 때면 언제고 내가 너를 도와줄 수 있을 거야. 난
140, 응! 아주 잘 알았어. 헌데 왜 그렇게 언제나 수수께끼 같은 말만 하니?
141, 어린 왕자는 사막을 횡단했는데 오직 꽃 한 송이를 만났을 뿐이었다. 석장의 꽃잎을 가진 볼품이라곤 없는 꽃이었다.
142," 사람들이라구? 한 예닐곱 사람 있는 것 같아. 몇 해 전에 그들을 본 적이 있어. 하지만 그들이 지금 어디 있는지는 알 수 없는 노릇이야. 그들은 바람결에 불려다니거든, 뿌리가 없어서 몹시 곤란을 받고 있다."
143," 참 얄궂은 별이군! 메마르고 뾰족뾰족하고 험하고, 게다가 사람들은 상상력이 없고 다른 사람이 한 말을 되풀이하니나의 집에는 꽃 한 송이가 있었지, 그 꽃은 언제나 먼저 말을 걸어왔는데"
144, 그리하여 어린 왕자는 모래와 바위와 눈 가운데를 오랫동안 걷고난 끝에 드디어 길을 하나 발견했다.그런데 길들이란 모두 사람들이 있는 곳으로통하는 법이다.
145, 어린 왕자는 그들을 바라보았다. 그들은 모두 그의 꽃과 쏙 빼닮은 것들이었다.
146, 그러자 어린 왕자는 자신이 아주 불행하게 느껴졌다. 이 세상에 자기와 같은 꽃은 오직 하나뿐이라고 그의 꽃은 그에게 말해 주었던 것이다.그런데 정원 하나 가득히 그와 똑같은 꽃들이 5천 송이는 되는 게 아닌가!
147, 사람들은 소총을 가지고 있고 사냥을 하지. 그게 참 곤란한 일이야! 그들은 병아리들도 길러. 그것이 그들의 유일한 관심사지. 너 병아리를 찾니?
148," 여우는 입을 다물고 어린 왕자를 오래오래 쳐다보더니, 부탁이야 나를 길들여 줘! 하고 말했다."
149, 하지만 내겐 시간이 많지 않아. 친구들을 찾아 내야 하고 알아볼 일도 많아.
150, 사람들은 이제 아무것도 알 시간이 없어졌어. 그들은 상점에서 이미 만들어져 있는 것들을 사거든. 그런데 친구를 파는 상점은 없으니까 사람들은 이제 친구가 없는 거지. 친구를 가지고 싶다면 나를 길들여 줘.
151, 우선 내게서 좀 떨어져서 이렇게 풀숲에 앉아 있어. 난 너를 곁눈질해 볼 거야. 넌 아무 말도 하지 말아. 말은 오해의 근원이지.날마다 넌 조금씩 더 가까이 다가앉을 수 있게 될 거야
152, 그래서 어린 왕자는 여우를 길들였다.출발의 시간이 다가왔을 때 여우는말했다.
153, 그건 네 잘못이야.나는 너의 마음을 아프게 하고 싶지 않았어.하지만 내가 널 길들여주길 네가 원했잖아
154, 장미꽃들을 다시 가서 봐.너는 너의 장미꽃이 이 세상에 오직 하나뿐이 라는 걸 깨닫게 될 거야. 그리고 내게 돌아와서 작별인사를 해줘.그러면 내가 네게 한 가지 비밀을 선물할께.
155, 너희들은 나의 장미와 조금도 닮지 않았어. 너희들은 아직은 아무것도 아 니야.
156, 아무도 너희들을 길들이지 않았고 너희들도 아무도 길들이지 않았어. 너희들은 예전의 내 여우와 같아. 그는 수많은 다른 여우들과 꼭같은 여우일 뿐이었어. 하지만 내가 그를 친구로 만들었기 때문에 그는 이제 이 세상에 오직 하나뿐인 여우야.
157, 내 비밀은 이런 거야. 그것은 아주 단순하지.오로지 마음으로만 보아야 잘 보인다는 거야. 가장 중요한 건 눈에는 보이지 않는단다.
158, 너의 장미꽃을 그토록 소중하게 만든 건 그 꽃을 위해 네가 소비한 그 시 간이란다.
159," 한 꾸러미에 천여 명씩 되는 기차 손님들을 꾸러미 별로 가려내고 있어. 그들을 싣고 가는 기차들을 어느 때는 오른쪽으로, 어느 때는 왼쪽으로 보 내는 거지."
160, 불을 환히 밝힌 급행열차 한 대가 천둥처럼 소리를 내며 조종실을 뒤흔들었다.
161, 그들은 저 속에서 잠들어 있거나 아니면 하품을 하고 있어.오직 어린아이들만이 유리창에 코를 납작 대고 있을 뿐이지.
162, 그들은 누더기 같은 인형을 찾느라 시간을 허비하지. 그것은 그들에겐 아주 중요한 게 되거든.그래서 사람들이 그것을 빼앗아가면 어린아이들은 울지
163, 그는 목마름을 가라앉혀 주는 새로 나온 알약을 파는 사람이었다.일주일에 한 알씩 먹으면 마시고 싶은 욕망을 영영 느끼지 않게 되는 약이었다.
164, 그건 시간을 굉장히 절약하게 해주거든. 전문가들이 계산을 해보았어. 매주 오십 삼 분씩 절약하게 되는 거야.
165, 만일 나에게 마음대로 사용할 오십 삼 분이 있다면 샘을 향해 천천히 걸어갈 텐데
166," 사막에서 비행기가 고장을 일으킨 지 여드레째 되는 날이었다.나는 비축해 두었던 물의 마지막 남은 한 방울을 마시며 장사꾼에 대한 이야기를 듣고는,"
167, 네 체험담은 참 아름답구나.하지만 난 아직도 비행기를 고치지 못했어. 마실 거라곤 없고.샘을 향해 천천히 걸어갈 수만 있다면 나도 행복하겠 다! 라고 말했다.
168, 죽어간다 할지라도 한 친구를 가지고 있었다는 건 좋은 일이야.난 여우 친구가 있었다는게 기뻐
169, 위험이 어느 정도인지 짐작을 못하는군하고 나는 생각했다. 그는 배고픔도 갈증도 느끼지 않고 있었다. 햇빛만 조금 있으면 그에겐 충분했다.
170, 그런데 그가 나를 바라보더니내 마음을 안다는 듯 이렇게 대답하는 것이었다.
171, 나는 소용없다는 몸짓을 했다. 광활한 사막 한가운데에서 무턱대고 우물을 찾아 나선다는 건 당치도 않은 것이기 때문이다.그런데도 우리는 걷기 시작했다.
172, 몇 시간 동안을 말없이 걷고 나니 밤이 내리고 별들이 불을 밝히기 시작했다. 갈증 때문에 나는 열이 조금 나고 있었으므로 그 별들이 마치 꿈속에서처럼 시야에 들어왔다. 어린 왕자의 말이 내 기억 속에서 춤을 추고 있었다
173, 나는 그의 대답을 이해하지 못했으나 잠자코 있었다. 그에게 질문해서는 안 된다는 것을 나는 알고 있었다.
174, 그는 지쳐 있었다. 그는 앉았다. 나도 그의 곁에 앉았다.그러자 잠시 침묵을 지키던 그가 다시 입을 열었다.
175, 나는 그렇지하고 대답하고는 말 없이 달빛 아래서 주름처럼 펼쳐져 있는 모래 둔덕들을 바라보았다.
176, 그것은 사실이었다. 나는 언제나 사막을 사랑해 왔다. 사막에서는 모래 둔덕 위에 앉으면 아무것도 보이지 않는다.그러나 무엇인가 침묵 속에 빛나는 것이 있는 것이다.
177,집이건 별이건 혹은 사막이건 그들을 아름답게 하는건 눈에 보이지 않는 법이지
178, 사람들은 급행열차에 올라타지만 그들이 찾으러 가는 게 무엇인지 몰라. 그래서 초조해 하며 제자리에서 맴돌고 있어
179, 우리가 도달한 우물은 사하라의 우물과 달랐다. 사하라의 우물은 그저 모래에 파놓은 구멍 같은 것이다.그 우물은 마을 우물과 흡사했다.그곳엔 그러나 마을이라곤 없었다. 그리하여 나는 꿈을 꾸는게 아닌가 싶었다.
180, 그는 웃으며 줄을 잡고 도르레를 움직였다.그러자 도르래는 바람이 오랫동안 잠을 자고 있을 때 낡은 풍차가 삐걱이듯 그렇게 삐걱였다.
181," 천천히 나는 두레박을 우물 둘레의 돌까지 들어올렸다. 나는 그것을 돌 위에 떨어지지 않게 올려놓았다. 내 귀에는 도르래의 노랫소리가 아직도 쟁쟁하게 울렸고,아직도 출렁이고 있는 물 속에서는 햇살이 일렁이는 게 보였다."
182, 나는 두레박을 그의 입술로 가져갔다. 그는 눈을 감고 물을 마셨다.축제처럼 즐거웠다.
183, 그렇지만 그들이 찾는 것은 단 한 송이의 꽃이나 물 한 모금에서 발견될 수도 있어
184, 나도 물을 마시고 난 후였다. 편히 숨을 쉴 수가 있었다.해가 돋으면 모래는 꿀빛깔을 띤다. 나는 그 꿀빛깔에도 행복했다.괴로워할 필요가 어디있었겠는가
185, 나는 끄적거려 두었던 그 그림을 포켓에서 꺼냈다.어린 왕자는 그림들을 보고 웃으며 말헸다.
186, 너는 너무 심하구나.나는 속이 뵈거나 안 뵈거나 하는 보아 구렁이밖에 못 그린다니까.
187, 나는 그래서 연필로 굴레를 그렸다. 그 굴레를 어린 왕자에게 주면서 가슴이 미어지는 느낌이었다.
188, 그러자 왠지 모르게 나는 또다시 야릇한 슬픔이 솟구쳤다. 그런데도 한 가지 의문이 떠올랐다.
189, 그럼 일주일 전 내가 너를 알게 된 날 아침 사람 사는 고장에서 수천 마일 떨어진 여기서 네가 혼자 걷고 있었던 것은 우연이 아니구나.떨어진 지점으로 돌아가고 있어?
190, 어린 왕자는 또 얼굴을 붉혔다.그는 묻는 말에결코 대답하진 않았으나 얼굴을 붉힌다는 것은 그렇다는 뜻이 아닌가?
191, 아저씨는 이제 일을 해야 해. 아저씨 기계로 돌아가. 난 여기서 아저씨를 기다리고 있을께 내일 저녁에 돌아와
192, 하지만 나는 안심이 되지 않았다. 여우 생각이 났다.길들여졌을 때는 좀 울게 될 염려가 있는 것이다.
193," 우물이 있는 쪽에는 폐허가 된 해묵은 돌담이 있었다.다음날 저녁, 일을하고 돌아오면서 보니 어린 왕자가 그 위에 앉아 다리는 늘어뜨리고 있었다. 그리고 이런 말을 하는 게 들렸다."
194, 나는 담벽을 향해 걸어갔다. 보이는 것도 들리는 것도 없는데도 어린 왕자는 다시 대꾸를 하고 있었다.
195, 물론이지. 모래 위의 내 발자국이 어디서 시작되는지 가서 봐. 거기 서 날 기다리면 돼. 오늘 밤 그리고 갈께.
196, 나는 담벽에서 20미터쯤 되는 거리에 있었는데 여전히 아무것도 눈에 띄지않았다.
197, 네 독은 좋은 거니?틀림없이 날 오랫동안아프게 하지 않을 자신이 있지?
198, 나는 가슴이두근거려 우뚝 멈춰섰다.아무래도 무슨 이야기인지 도무지 알 수가 없었다.
199, 그러나 내 발자국소리에 뱀은 모래 속으로 스르르 물줄기 잦아들듯 미끄러져 들어가더니 가벼운 금속성 소리를 내며 돌들 사이로 조금도 허둥대지 않고 교묘히 몸을 감추어 버렸다.
200, 나는 담 밑까지 이르러 눈처럼 새하얘진 나의 어린 왕자를 간신히 품에 받아안을 수 있었다.
201, 아저씨 기계 고장을 고치게 돼서 기뻐. 아저씬 이제 집에 돌아가게 됐지. 
202, 천만뜻밖에 고장을 고치는 데 성공했다는 걸 그에게 알리려던 참이 아니었던가! 그는 내 물음에 아무 대답도 하지 않고 이렇게 덧붙였다.
203, 무엇인지 심상치 않은 일이 일어나고 있다는 것을 나는 느낄 수 있었다.나는 그를 어린 아기처럼 품안에 꼬옥 껴안았다.그런데도 내가 붙잡을 사이도 없이 그는 깊은 심연 속으로곧장 빠져들어가고 있는 것만 같은 기분이었다.
204, 나에겐 아저씨가 준 양이 있어. 그리고 그 양을 위한 상자도 있고.굴레 도 있고
205, 나는 오랜 시간을 기다렸다. 그가 조금씩 조금씩 몸이 더워지고 있음을 느낄 수 있었다.
206, 영영 돌이킬 수 없는 어떤 일이 일어나고 있다는 느낌에 나는 다시금 눈앞이 아찔해졌다. 그 웃음소리를 영영 다시 들을 수 없게 되리라는 생각이 견딜 수 없는 일임을 나는 문득 깨달았다.그것은 나에게는 사막의 샘 같은것이었다.
207, 오늘 밤으로 꼭 일 년째가 돼.나의 별이 내가 작년 이맘때 떨어져내린 그 장소 바로 위쪽에 있게 될 거야
208," 얘, 그 뱀이니 만날 약속이니 별이니 하는 이야기는 모두 못된 꿈 같은거 아니니"
209, 꽃도 마찬가지야.어느 별에 사는 꽃 한 송이를 사랑한다면 밤에 하늘을 바라보는 게 감미로울 거야. 별들마다 모두 꽃이 될 테니까.
210, 물도 마찬가지야.아저씨가 내게 마시라고 준 물은 음악 같은 것이었어. 도르래와 밧줄때문에 기억하지 물맛이 참 좋았지.
211," 밤에 하늘을 바라볼 때면 내가 그 별들 중의 하나에 살고 있을 테니까, 내가 그 별들 중의 하나에서 웃고 있을 테니까,모든 별들이 다 아저씨에겐 웃고있는듯이 보일 거야.아저씬 웃을 줄 아는 별들을 가지게 되는 거야!"
212, 별들이 아니라 웃을 줄 아는 조그만 방울들을 내가 아저씨에게 잔뜩 준 셈이 되는 거지
213, 난 아픈 것같이 보일 거야. 좀 죽는 것처럼 보일 거야. 그러게 마련 이거든. 그런 걸 보러 오지마. 그럴 필요 없어.
214," 내가 이런 말 하는 건 뱀 때문이야. 뱀이 아저씨를 물면 안되거든.  뱀은 사나워, 괜히 장난삼아 물기도 하거든"
215, 그날 밤 나는 그가 길을 떠나는걸 보지 못했다. 그는 소리없이 사라져 버린 것이었다.
216, 뒤쫓아가서 그를 만났을 때 그는 잰걸음으로 주저없이 걸어가고 있었다. 그는 그저 이렇게 말할 뿐이었다.
217, 아저씨가 온 건 잘못이야. 마음 아파할 텐데.내가 죽은 듯이 보일 테니까. 정말로 죽는건 아닌데
218, 그는 조금 풀이 죽어 있는 듯이 보였다.그러나 그는 다시 기운을 내려 애쓰고 있었다.
219," 참 좋겠지. 나도 별들을 바라볼 거야. 별들이란 별은 모두 녹슨 도르래가 있는 우물로 보이게 될 테니까, 별들이 모두 내게 마실 물을 부어 줄 거야 "
220, 참 재미있겠지! 아저씬 수억 개의 작은 방울들을 가지게 되고 난 수억개의 샘물을 가지게 될 테니
221," 아저씨 내 꽃 말인데 나는 그 꽃에 책임이 있어! 더구나 그 꽃은 몹시 연약하거든! 몹시도 순진하고,별것도 아닌 네 개의 가시를 가지고 외부세계에 대해 자기 몸을 방어하려고 하고"
222, 그는 또 조금 망설이더니 다시 일어섰다. 한 발자국을 내디뎠다.나는 꼼짝도 할 수가 없었다.
223, 그의 발목에서 노오란 한 줄기 빛이 반짝했을 뿐이었다. 그는 한순간 그대로 서 있었다.
224, 그는 소리치지 않았다. 나무가 쓰러지듯 그는 천천히 쓰러졌다. 모래 때문에 소리조차 들리지 않았다.
225, 그러니까 그게 벌써 여섯 해 전의 일이었다. 이 이야기를 나는 여태까지 한 번도 하지 않았었다.나와 다시 만나 친구들은내가 살아 돌아온걸 매우 기뻐했다.나는 슬펐지만 피곤 때문에 그렇게 보일 뿐이라고 그들에게 말했다.
226," 어느 때는 천만에, 먹지 않았겠지! 어린 왕자는 그의 꽃을 밤새도록 유리덮개로 잘 덮어 놓겠지. 양을 잘 지킬 테고라고 생각해 본다.그러면 나는 행복해진다. 그러면 뭇 별들이 모두 부드럽게 웃는다."
227, 어느 때는 한두 번 방심할 수도 있지. 그러면 끝장인데! 어느날 밤 그가유리덮개를 잊었거나 양이 밤중에 소리없이 밖으로 나왔을지도 모르는 생각이 들기도 한다. 그러면 작은 방울들은 모두 눈물방울로 변한다!
228," 그것은 정말 커다란 수수께끼다. 어린 왕자를 사랑하는 여러분에게는 나에게도 그렇듯이,이 세상 어딘가에서 우리가 알지 못하는 한 마리 양이 한 송이 장미꽃을 먹었느냐. 먹지 않았느냐에 따라서 천지가 온통 뒤바뀌게 될것이다."
229, 하늘을 바라보라. 생각해 보라. 양이 그 꽃을 먹었을까 먹지 않았을까? 그러면 거기에 따라 모든 게 변함을 여러분은 알게 되리라.
230,"옛날 아주 먼 옛날, 착한 아우와 욕심쟁이 형이 한 마을에 살았습니다. 아버지가 물려준 재산은 형인 놀부가 몽땅 차지해서 동생인 흥부는 가난하게 살아야 했습니다. 아이가 많은 흥부는 아무리 열심히 일해도 살림이 나아지지 않았습니다."
231,"긴 겨울이 지나고 봄이 왔습니다. 남쪽으로 갔던 제비들이 돌아 올 철입니다. 흥부네 집에도 지난해 살았던 제비가 다시 돌아왔습니다. 어이구, 너도 무사히 왔구나. 다리는 괜찮니?"
232,"급히 집으로 돌아논 놀부는 둥지 속의 아기 제비 한 마리를 꺼냈습니다. 그리고 다리를 뚝 부러뜨리고는 두꺼운 실로 아무렇게나 칭칭 동여매 다시 둥지 속에 넣으면서 말했습니다. 이 놈아, 내년 봄에 박 씨 하나를 꼭 물고 와야 한다. 어험!"
233,"다음 해 봄, 제비들이 돌아왔습니다, 그리고 안절부절못해 기다리던 놀부 부부 앞에 박 씨 하나를 떨어뜨려 주었습니다."
234,"놀부는 반가운 가운데도 이렇게 욕심을 부렸습니다. 뒤곁에 심은 박 씨는 금세 잎을 내고 덩굴을 뻗어 올렸습니다, 물동이 같은 박이 주렁주렁 열렸습니다."
235,가을이 왔습니다. 이제 켜도 되겠지. 가장 큰 놈으로 골라서 어험! 놀부는 아내와 함께 박을 켜기 시작했습니다.
236,놀부는 박 하나를 또 켰습니다. 박이 쩍 갈라지더니 이번에는 도깨비가 나타났습니다. 도깨비는 육모 방망이로 놀부와 아내를 사정없이 때려 주었습니다. 집도 돈도 패물도 모두 뺏기고 실컷 두들겨 맞아 앓고 있는 놀부 내외를 흥부가 데리러 왔습니다.
237,"하고 팥쥐에게는 쇠호미를 주어 집 근처 모래밭을 매게 하고, 콩쥐에게는 나무호미를 주어 산비탈에 있는 자갈밭을 매게 하는 것이었다. "
238,그럴 즈음 홀연히 하늘에서 검은 소 한 마리가 내려오더니 콩쥐를 보고 묻는 것이었다. 
239,너는 무슨 일이 있기에 그토록 우는냐? 내게 자세한 이야기를 해 보아라. 
240,"그렇다면 너는 곧장 하탕에 가서 발 씻고, 중탕에 가서 손 씻고, 상탕에 가서 낯 씻고 오너라. "
241,콩쥐는 그 말대로 손발과 얼굴을 씻고 한참 후에 돌아왔다. 그러자 검은 소는 좋은 호미와 온갖 과실을 치마폭에 싸 주고는 홀연히 사라져 버리는 것이었다. 
242,콩쥐는 과실을 문 틈으로 죄다 들이밀고서야 안으로 들어갈 수 있었다. 그러나 그것뿐이라면 오히려 괜찮겠으나 통째로 빼앗긴 그 과실로 말미암아도리어 콩쥐의 신상에 큰 액운이 덮치게 되었다. 대번에 배씨의 호령이 떨어졌던 것이다. 
243,"저것이 일전에도 난데없는 과실을 얻어오는 게 수상하더니 이번엔 밑빠진 독에 물을 채워 놓았으니, 아무래도 저 년을 그냥 두었다간 큰일나겠다. 도대체 저 년이 어떻게 된 계집애이기에 남이 할 수 없는 일을 해내는 것일까? "
244,그러구려 세월을 보내는데 콩쥐의 외갓집 조씨 댁에서 무슨 잔치가 있어 콩쥐를 불렀다. 그러자 염치도 없고 인사도 모르는 계모 배씨는 큰 마누라 본가 잔치에 무슨 체면으로 나서려는지 콩쥐는 젖혀 놓고 제가 먼저 날뛰는 것이었다. 
245,"콩쥐야, 너는 집이나 보도록 해라. 내가 잠시 다녀올 테니 만약 너도 가고 싶거든 베짜던 것이나 마치고 말리던 *겉피 석 섬만 찧어 놓고 오도록 해라. "
246,본래 악의가 없는 사람은 속기를 잘하는 법이다. 콩쥐는 그 말을 듣더니 역시 마음이 움직이는 것이었다. 
247,할멈은 자신의 생일이라고 김 감사를 초대하였고 일부러 길이가 서로 다른 젓가락을 놓아둔다. 그러자 김 감사가 젓가락을 두고 할멈을 나무란다.?
248,"콩쥐가 독 앞에서 울고 있으니 두꺼비가 나와 깨진 독을 등으로 막아 물을 채울 수 있게 해주었고, 새들이 날아와 강피를 쪼아 찌어주었다.?암소가 옷 한 벌과 꽃신을 가져다주니 콩쥐가 그것들을 가지고 잔치에 갈 준비를 했다.?"
249,콩쥐가 일찍 모친을 여의고 계모를 얻었는데 계모에게는 팥쥐라는 딸이 있었다. 계모는 콩쥐에게만 힘든 집안일을 다 시키니 콩쥐의 고생이 이만저만 아니었다.
250,"어느 날 김 감사가 연못가를 거닐다가 유달리 큰 연꽃을 보고 채취하여 신혼방에다 장식한다. 연꽃은 콩쥐의 원혼이 변해서 피어난 꽃이며, 나중에 팥쥐가 연꽃을 보자 거기서 콩쥐의 유령이 나와 괴롭힌다."
