Index,Text
1,"시작은 단순했다. 엄마와 같이 간 동대문시장에서 베이지색 트위드 재킷을 샀고, 예쁘다는 주위 반응에 혹시나 하는 마음으로 옥션에 올렸다."
2,"중국의 한 파워블로거가 스타일난다 홍대 매장에서 옷과 화장품을 구매하는 사진을 올린 뒤로, 중국인들이 트렁크를 들고 매장에 오기 시작했다."
3,로레알은 색조화장품 분야를 강화하기 위해 스타일난다 인수전에 뛰어든 것으로 전해졌다.
4,"캐주얼한 재킷, 파스텔톤 니트로 말끔한 남친룩으로 시선을 사로잡는가 하면, 카메라를 향해 따뜻한 눈빛을 발산하며 여심을 설레게 한다."
5,물론 신수지와 장현승의 열애 사실이 이미 공개된 상태이기 때문에 두 사람이 연인 관계라는 것이 새삼스러울 것은 없다.
6,하지만 장현승은 일단 보이그룹 출신 아이돌이다. 아이돌에게 유독 민감한 것이 연애 이야기이기 때문에 이들의 솔직함이 팬들에겐 상처로 돌아올 수도 있는 것. 
7,"장현승이 그룹 비스트에서 탈퇴하며 하이라이트에 합류하지는 않았지만, 그는 여전히 아이돌의 범주에 있는 가수다."
8,하지만 아직까지 팬덤이 아이돌 스타들의 공개 연애에 민감한 것이 사실이다. 팬들 사이에서 이미 두 사람의 관계를 알고 있다고 하더라도 공식적으로 인정하고 공개 열애를 하는 것은 또 다른 이야기.
9,"열애 사실이 공개되긴 했지만, 그럼에도 아이돌 남자친구에 대한 배려가 아쉬웠던 신수지의 솔직함이다. "
10,닐로 소속사 리메즈 엔터테인먼트는 바이럴 마케팅 회사다. 페이스북 등에서 다수의 팔로워를 확보한 음악 전문 페이지를 자체적으로 운영하고 있다.
11,"사진 속에는 다정한 포즈를 취하고 있는 정시아, 백보람의 모습이 담겼다. 정시아, 백보람은 카메라를 바라보며 살짝 미소 짓고 있다."
12,"12일 공개된 그라치아 5월호를 보면, 커버 속 김남주가 핀스트라이프 재킷 하나만을 걸친 채 아찔한 각선미를 드러냈다."
13,여기에 우아한 카리스마를 닮은 플라워 모티브의 숄더백을 매치해 고혹적인 매력의 캐릭터 고혜란을 재현했다.
14,제작진에 따르면 김남주는 이번 촬영에서 자신만의 고혹적인 표정과 아우라가 넘치는 여유있는 포즈로 매력을 유감없이 뽐냈다는 후문.
15,유역비는 중국의 전통 의상을 입고 고전미를 발산했다. 벨벳 소재의 의상으로 단아하면서도 우아한 매력을 뽐냈다. 
16,이날 유역비는 전보다 다소 살이 찐 모습으로 등장해 더욱 눈길을 끌었다. 브이라인의 얼굴형은 살이 올라 통통해졌다.
17,"이번 영화에서 김무열은 잘생김을 내려놓고 러닝 타임 내내 망가진 얼굴로 등장한다. 스크린에서 그렇게 망가지는 모습이 처음일 텐데, 자신의 모습이 낯설진 않았을까."
18,"유기적으로 목적이 잘 활용돼서 전개가 진행되는 게 다른 영화와 비교했을 때도 겹치는 부분이 많기는 하지만, 똑똑하게 잘 활용한 것 같아요."
19,김무열이 맡은 민재 역할은 돈으로 울고 웃는 캐릭터. 어머니의 수술비를 구하기 위해 벼랑 끝에서 지푸라기라도 잡으려고 발악하는 캐릭터다.
20,"그래서 그런 빠져나갈 수 없는 늪에 빠진 기분, 그런 게 공감이 됐죠. 캐릭터보다는 이야기가 전체적으로 재밌어서 선택하게 된 작품이고요."
21,"다 하고 싶어요. 모든 배우가 욕심은 다 그렇게 가지고 있는데, 어떤 의미에서는 깨부수고 발견을 하고 발전을 해야 하는 게 제가 해야 하는 일이니까요. 사실 제 취향은 코미디영화예요."
22,"영화의 흥행에 대해서는 어떻게 기대하고 있을까. 7명 주연 배우들의 호흡도 그렇지만, 김무열의 변신이 얼마나 관객들에게 통할지도 궁금증을 모으는 부분이다."
23,"또한, MBC에브리원 주간아이돌을 성공적으로 이끌었지만, 방송사 개편으로 갑작스럽게 프로그램에서 하차하게 된 정형돈과 데프콘이 다시 한번 의기투합할 프로그램이 마련돼 시너지가 주목된다. "
24,그는 대본을 보면서 대체 강태욱이 왜 이렇게까지 고혜란을 사랑하는 건지 내 마음이 다 아팠다고 털어놨다. 덧붙여 극 중 강태욱이 사랑인지 개인적인 욕망인지 고민한다. 그 내적갈등이 너무 멋있었다며 엄지를 치켜세웠다.
25,하리수는 12일 자신의 사회관계망서비스에 사진을 찍느라 허리를 너무 꺾었더니 허리살이 접혔다며 열심히 다이어트를 해도 나잇살은 어쩔수가 없나보다고 적었다.
26,클레멘티에프는 12일 서울 종로구 포시즌스 호텔에서 열린 어벤져스 기자회견에 참석해 이 자리에 있다는 게 너무 기쁘고 감격스럽다고 소감을 밝혔다.
27,팬분들에게 준비한 것들을 다시 보여드릴 수 있는 기회가 생겨 너무 감사하다. 우리의 이야기를 담은 좋은 노래를 들려드리겠다고 소감을 밝혔다.
28,경찰 조사결과 중국총책 김씨는 국내에 보이스피싱 조직을 만들어 휴대폰 메신저 등을 통해 국내총책 이씨에게 범행을 지시했다. 이들은 대중 화장품 무역 거래를 하면서 알게 된 사이다.
29,또 당시 선배 김씨는 후배에게 술자리에서 버릇없게 행동해 맞았다라는 등 단순 폭력사건으로 조작하기 위해 허위로 증언할 것으로 요구 했으며 후배가 이를 따르지 않아 주먹을 휘두른 것으로 밝혀졌다.
30,금융권 대출이 어려운 신용불량자들을 중심으로 소액을 대출해 준 다음 폭리를 챙겨온 일당이 경찰에 붙잡혔습니다.
31,신용불량으로 은행권 대출이 어려운 서민들에게 돈을 빌려준 다음 불법으로 고액의 이자를 받아 챙긴 일당이 경찰에 붙잡혔습니다.
32,"이들은 조직원끼리 미리 정한 가명과 암호로 소통하고, 업무 지시도 전화로만 하는 등 철저한 점 조직 형태로 움직였습니다."
33,경찰은 지난달부터 모텔 주변에서 비슷한 사건이 발생한다는 신고를 받고 잠복근무하던 중 박씨를 붙잡았다.
34,이 사고로 머리 등을 크게 다친 조종사 김씨는 심정지 증상으로 119구급대원들의 심폐소생술을 받으며 병원으로 급히 옮겨졌으나 끝내 숨졌다.
35,"한 탑승객은 열기구가 나무 위로 떨어졌고, 조종사가 금방 다시 올라간다고 안심시키며 계속 조종했지만 결국 들판에 쿵하고 떨어졌다며 조종사가 가장 끝까지 붙들고 있다가 크게 다친 것 같다고 말했다."
36,선씨는 공범과 함께 이 회장의 모습이 담긴 성매매 동영상을 몰래 촬영하고 이를 이용해 삼성 측을 협박해 두차례에 걸쳐 총 9억원을 뜯어낸 혐의 등으로 기소됐다.
37,"음 제가 이제 초선 때입니다. 그때 택시회사에 갔을 때, 현 박원순 시장님에 대한 여러 가지 원망들을 많이 들으면서 저도 원망을 많이 받았습니다."
38,박원순 서울시장에 대해서 제가 아까 3선 피로감을 얘기했는데 3선 피로감을 느끼는 분들은 과거 구 새누리당을 지지하거나 보수성향을 가지고 있는 유권자들이라고 생각을 합니다. 
39,그렇다면 그분들이 박원순 서울시장의 4년 임기 연장에 대해서는 결사반대 막아야 된다는 심정이 있는 사람들이 있을 텐데 그분들의 표를 어딘가에 담아내야 하지 않습니까
40,자유한국당의 김문수 후보로 그 표를 담아내서 이길 수 있겠냐는 판단이 섰을 때 그렇지 않을 거야라고 하면 그 표는 저한테 주세요.
41,지금 안철수 대표를 다른 방향으로 과연 공격할 수 있을까. 이제 그게 박원순 시장한테도 어찌 보면 선거과정에서 딜레마가 될 거고 안철수 후보는 아까 말씀하셨던 것처럼 어떤 방식으로든지 서울시민들의 사표 방지 효과를 계속 자극할 거예요.
42,"그리고 이거는 본인도 과거 박원순 시장에 양보했다는 것에 정당성을 부여받으니까 그때는 잘할 줄 알았는데 지금 보니까 별로, 이쪽으로 박원순 시장을 공격하는 방향을 정할 것 같습니다."
43,그런데 이후 소개팅을 여러번 해 남자를 만나도 잘 이어지지 않아요. 뭐가 문제인지 모르겠어요. 저는 정말 최선을 다합니다.
44,"제대로 된 연애를 할 수 있는 방법을 궁금해하시네요. 자, 저는 이 질문을 다시 당신에게 되돌려드리고 싶습니다. 당신은 제대로 된 연애가 무엇이라고 생각하시나요"
45,"사실 우리들 중 꽤 많은 사람이 그렇게 달콤하게 시작해 행복한 결혼으로 마무리되는 연애를 하길 원하지만, 우리들 중 대부분이 맘대로 흘러가지 않는 관계에 의해 상처받고 깨지는 결말을 맞죠."
46,"처음에 만난 사람과 쉽게 결혼까지 하고, 그 결혼이 오랫동안 행복하게 유지되는 건 애초에 인간 세계에 잘 일어나는 일이 아니거든요."
47,"이번만큼은 다를 거야라고 힘주어 기대해보지만, 지난번에 틀렸던 문제를 또 틀리는 일은 비단 종이 위 시험문제를 풀 때만 일어나는 일이 아니더군요. "
48,"소중했던 사람과 행복한 시간을 통해 내가 누구인지 깨닫게 되고, 소중했던 사람과 싸우고 상처를 주고받으며 결국 이별하는 경험을 통해 또한 내가 누구인지 깨닫게도 되는 것이죠."
49,"그리고 대충 찍고 나서 당신이 찍은 정답이 100점이길 바라죠. 당신이 기대하는 로맨틱한 연애, 제대로 된 연애에 대한 기대란 사실 이토록 허황된 것입니다. "
50,"누군가를 사랑하기로 마음먹는 순간 상처도 함께 따라올 수 있다는 걸, 당신은 이미 첫번째의 짧은 연애에서 깨닫지 않았던가요."
51,남들이 뭐라고 하든 스스로 이 경험의 주체가 되는 것이야말로 연애가 주는 커다란 선물이 아니겠어요. 꽤 많은 순간을 우리는 나보다는 남에게 초점을 맞춰 살곤 하니까요. 
52,그리고 자기를 해피엔딩으로 구원해줄 사람만 기다리고 있는데 밀당은 또 어떻게 가능하겠어요? 선택받고 싶어 안달 난 사람은 나이와 성별을 떠나 우아할 수 없고 매력적일 수 없어요. 
53,"작은 것부터 스스로 선택하는 연습을 하세요. 내가 진짜 좋아하고 원하는 것, 싫어하고 피하고 싶은 것을 구분하는 연습부터 하세요."
54,상황이 흘러가는 대로 몸을 맡기기엔 행복한 연애와 행복한 결혼이라는 당신의 목표가 너무나 확고하잖아요.
55,물론 세상의 시계를 생각한다면 34살에 이 과정을 시작하는 것은 솔직히 조금 늦었죠. 하지만 아무것도 선택하지 않는 것보다 늦게라도 선택할 줄 아는 인생이 되는 것이 낫지 않나요
56,인터넷에서 화제가 되는 게시글에 대한 전문가의 의견을 들어보는 와글와글. 이번 이야기는 층간 소음으로 고통받는 사연이다.
57,"김씨는 인터넷에 소개된 층간 소음 퇴치법으로 고무망치, 우퍼등을 해봤지만 소용없었다면서 내 정신까지 폭력적이 되는데 어떻게 하면 좋겠느냐고 토로했다."
58,살인사건까지 일어날 정도로 당사자에게는 고통스럽기만 한 층간소음. 이같은 층간소음으로 인한 이웃 간 분쟁이 일어날 경우 아래층에 사는 사람은 어떤 구재를 받을 수 있을까.
59,이 변호사는 이어 환경부에 분쟁조정을 신청하거나 법원에 민사소송을 제기해서 손해배상을 청구할 수 있다. 배상금은 약50만원에서 100 만원정도 나올 수 있다고 덧붙였다.
60,이씨는 윗층 사람들이 여행을 가거나 해서 집이 비게 되면 너무나 평온해서 오히려 그렇게 살지 못하는 자신의 현실이 더욱 슬펐다고 느낌을 전했다.
61,그때 이후 최씨의 마음 속에는 증오가 차 올랐고 급기야 윗층 사람들을 죽이고 싶다는 충동이 들 정도로 고통을 호소하게 됐다는 것.
62,정부가 이동통신사의 사업비용과 일부 투자보수 산정근거자료 등 원가 자료를 공개해야 한다는 대법원 판결에 대해 이동통신사들은 영업비밀이 보호받지 못할 수 있다고 우려했다.
63,일단 법원의 판단을 존중하지만 민간 개별 기업의 정보를 보호받지 못하게 된 것은 아쉬운 일이 아닐 수 없다고 말했다. 일부 영업비밀 공개에 따른 부작용이 심히 걱정스럽다는 얘기다.
64,"텔레콤의 한 관계자는 다만 이번 판결은 영업 관련 일부 정보 공개 여부를 판단한 것으로, 일각에서 주장하는 것과 달리 요금 수준의 적정성 사안과는 관계가 없다고 설명했다."
65,"원가를 기준으로 요금이 높고 낮음을 판단하는 것은 어불성설이며, 이동통신요금은 원가 베이스로 설계돼 있지 않고 산업 특성, 기존 요금과의 비교, 경쟁상황, 이용자 수용도 등을 종합적으로 고려한다고 말했다."
66,원래 피고였던 방송통신위원회의 관련 업무를 이어받은 과학기술정보통신부의 담당 업무 관계자는 판결문이 송달되는대로 절차에 따라 자료를 공개할 예정이라고 설명했다. 
67,경찰은 기지 입구에 인간 방패를 형성한 반대 주민들을 해산하고 진입 장애물을 모두 치운 뒤 차량을 진입시킬 계획이지만 어려움을 겪고 있습니다.
68,경찰은 우선 인간방패를 형성하고 있는 사드 반대 단체와 주민 백여 명을 강제 해산시키는 작업에 들어갔습니다.
69,하지만 시위대의 저항이 거센 데다 트럭 등 장애물을 치우기 쉽지 않아 작전 완료까지는 예상보다 많은 시간이 걸릴 수도 있습니다.
70,"국방부는 오늘 사드 기지 내 차량 진입은 지난해 11월 기지 안에 반입했던 포크레인과 지게차, 불도저 등 공사 장비를 실어 내는 작업이라고 밝혔습니다."
71,조직문제는 지난해 10월에 있었던 당중앙위원회 전원회의 후속 조치 차원에서 다뤄졌다. 모두 김정은 위원장의 제의와 위임을 전제로 결정됐다. 
72,"더불어 박태성을 최고인민회의 상임위원회 위원에서 해임하고 정영국 대의원을 최고인민회의 상임위원회 서기장으로 보선했다. 김수길, 박철민, 김창엽도 최고인민회의 상임위원회 위원에 이름을 올렸다. "
73,"신문은 아울러 지난 11일 김정은 위원장의 국가 최고수위 추대 6주년을 경축하기 위한 청년학생, 여성동맹들의 무도회가 진행됐다고 전했다."
74,지난해 라면 시장 규모가 3년만에 역성장하면서 2조원 아래로 추락한 가운데 2위 업체 오뚜기 역시 7년만에 국내 라면 매출액이 역성장한 것으로 집계됐다.
75,"오뚜기의 국내 라면 가격이 11년째 동결돼 원재료 등의 부담과 더불어 전체적인 라면 시장 축소, 프리미엄 라면의 역성장 영향을 받았다는 게 업계 전문가들의 분석이다. "
76,오뚜기의 면제품류 매출액 역시 하락했다. 면제품류 매출액에는 라면 뿐만 아니라 모든 면 제품의 매출이 포함되어 있다.
77,대기표를 받고 미계약 물량을 기다리는 예비당첨자들이 부적격 조사를 철저히 해달라며 각종 민원을 쏟아내는 한편 현장에서는 이를 반영해 계약 일정을 연장했다.
78,"기존 당첨자를 대상으로 부적격 여부에 대한 국토부의 조사가 진행돼야 하기 때문으로, 조사 속도에 따라 추첨일이 확정,통보될 예정이다."
79,3선에 도전하는 서울시장은 박 시장이 처음이다. 오세훈 시장의 사퇴로 2011년 치러진 보궐선거에서 당선된 박 시장은 6년 넘게 시정을 돌보고 있다.
80,시는 외국인 관광객의 패턴이 단순히 둘러보는 '유람형'에서 보고 듣고 느끼는 체험형으로 바뀜에 따라 지역의 독특한 특성을 가진 장소이자 시민의 살아있는 이상을 경험할 수 있는 전통시장이 관광 명소로 부상하고 있다고 설명했다.
81,"시는 이번 조사 분석 결과를 외국인 관광객의 불편한 점을 없애는 토대로 삼고, 시 관광 정책의 중요한 자료로 활용할 것이라고 전했다. "
82,4월 임시국회가 지난 2일 문을 열었지만 여야의 대충돌로 의사일정 조차 합의를 하지 못하면서 4월 임시국회를 통째로 날리는 게 아니냐는 우려가 나오지만 여야는 자신들의 입장만 고수한채 요지부동이다. 
83,하지만 핵심인 권력구조 개편과 개헌 시기 등을 놓고 좀처럼 입장 차를 좁히지 못해 여야 협상이 한발 짝도 나아가지 못하고 있는 상황이다. 
84,청년실업과 지역경제의 어려움을 해결하기 위한 특단의 대책으로 내놓은 추경안에 대해서도 4월 임시국회에서 처리되지 못하면 추경의 목적을 달성하기 어렵다는 여당과 지방선거를 앞둔 선심성 추경이라는 야당의 입장이 팽팽하다. 
85,여기에 김기식 금융감독원장이 19대 의원 시절 외유성 출장을 다녀왔다는 의혹마저 정쟁화가 되면서 4월 국회 정상화 가능성은 점점 요원해 보인다.
86,문제는 여야 모두 지금의 난국을 타개할 해법을 찾는 게 아니라 네 탓 공방만 벌이고 있다는 것이다. 국회가 정쟁에 파묻혀 셀프 휴업을 하고 있다는 비판의 목소리에도 아랑곳하지 않는 모습이다.
87,야당은 김 원장에 대한 과도한 금도를 넘어선 정치공세를 멈추고 제발 국회가 해야 할 일을 하기 바란다고 비판했다.
88,"하지만 야당은 이날도 김 원장에 대한 대대적 공세에 치중하는 모습을 보였다. 특히 그간 김 원장 낙마를 요구했던 자유한국당, 바른미래당, 민주평화당에 이날 정의당도 김기식 낙마열차에 동승을 결정했다."
89,최석 정의당 대변인은 이날 열린 상무위원회의 직후 브리핑에서 김 원장 본인의 외유성 출장 의혹으로 정부 금융개혁의 발목을 잡을 수 있기 때문에 자진사퇴를 촉구하기로 했다고 밝혔다.
90,앞서 금융감독원이 발표한 검사 결과에 따르면 과징금 부과대상인 1993년 8월 12일 긴급재정경제명령 시행 전 개설된 계좌의 자금 출연자가 이건희 삼성그룹 회장인 27개 차명계좌의 당시 금융자산 가액은 61억8000만원으로 확인됐다.
91,그는 자신의 결정이 가족과 더 많은 시간을 보내기 위함이며 백악관이 겪고 있는 혼돈과는 관련이 없다는 입장을 밝혔지만 일부 공화당 의원의 비난을 완전히 피하지는 못하고 있다.
92,"워싱턴포스트에 따르면 2015년 신임 하원의장을 선출할 때 공화당 의원들은 당내 보수·기득권층을 하나로 통합할 수 있는 능력을 지녔으며, 모든 사람들에게 좋은 평가를 받는 보수주의자를 뽑겠다는 일념으로 라이언을 선택했다."
93,라이언 의장의 은퇴 결심 배경에는 트럼프 대통령으로 인한 좌절감이 있다는 견해가 나온다. 트럼프 행정부 출범 뒤 공화당은 대통령의 잦은 스캔들과 이로 인한 지지율 급락으로 골머리를 앓아왔다.
94,현재로썬 라이언의 은퇴 발표가 공화당 지지자나 기부자들의 사기를 저하시키는 계기가 될 것이라는 관측이 지배적이다. 그의 은퇴 소식은 특히 하원 공화당 의원들의 이탈이 계속되고 있는 가운데 나온 것이기도 하다.
95,공석이 되는 라이언 의장의 의석을 차지하기 위해선 오는 6월1일까지 출마 등록을 마쳐야 한다. 위스콘신 공화당 경선은 8월14일 치러진다.
96,민주당 측에서는 랜디 브라이스와 캐시 마이어스가 공화당 우세주인 위스콘신을 블루 스테이트로 만들기 위한 움직임에 들어갔다. 온라인 매체 복스는 라이언 의장의 은퇴가 민주당 후보들에게는 기회가 될 것으로 전망했다.
97,미국의 환율보고서 발표가 임박한 가운데 김동연 부총리 겸 기획재정부 장관이 미국 재무장관과의 통화에서 한국은 환율조작국 요건에 해당하지 않는다고 재차 강조했다.
98,3월 19일 아르헨티나 부에노스아이레스에서의 양자면담에서 주요 이슈에 대해 언제든 수시로 전화통화 등을 통해 긴밀하게 소통하고 협의해 나가기로 한데 따라 이뤄진 것이라고 기재부는 설명했다.
99,김 부총리는 또 흑자폭이 크게 축소된 지난해 대미 무역수지 및 경상수지 동향 등을 설명하고 한국은 미국 환율보고서상 환율조작국이나 심층분석대상국 요건에 해당되지 않는다. 이런 점들이 환율보고서에 잘 반영되길 기대한다고 말했다.
100,"반면, 대한항공 관계자는 당시 업체에 영국 광고를 위해 여러 곳을 찍어오라고 주문했는데 제대로 찍어오지 않았고 이에 흡족하지 못한 조 전무가 화를 낸 것이라며 조 전무가 회의하다가 직원에게 소리를 질렀지만 물이나 음료수를 뿌리지는 않았다고 부인했다."
101,12일 광고업계에 따르면 조 전무는 지난달 대한항공의 광고대행을 맡고 있는 A업체와의 회의 자리에서 광고팀장인 직원에게 물을 뿌린 것으로 알려졌다.
102,조 전무는 회의에 참석한 광고대행사 팀장이 대한항공의 영국편 광고 캠페인과 관련해 자신의 질문에 제대로 답변을 못하자 격노해 얼굴에 물을 뿌리고 회의장에서 쫓아낸 것으로 전해졌다. 
103,1차로 음료수가 들어있는 병을 던졌는데 안깨졌다. 그러자 분이 안풀려 물을 뿌렸다는 글이 올라왔다. 이런 의혹은 광고업계 전반으로 확산되고 있는 상황이다.
104,더 큰 문제는 갑질 피해를 입은 업체가 조 전무에게 사과를 했다는 점이다. 관련자들에 따르면 업체 사장이 대한항공측에 사과의 뜻을 전달한 것으로 알려졌다.
105,얼굴에 물을 뿌리는 행위는 폭행죄로 분류돼 형사처벌을 받을 수 있다. 앞서 지난 2015년 서울중앙지법은 부동산 중개인과 말다툼하다 종이컵에 물을 담아 뿌린 혐의로 기소된 주부 김씨에게 벌금 70만형을 선고한바 있다.
106,"오승환은 첫 타자 애덤 존스를 상대로 변화구 3개로 1볼 2스트라이크를 잡은 후 높은 포심 패스트볼로 헛스윙 삼진을 잡았다. 하지만 곧이어 페드로 알바레스에게 우중간을 가르는 2루타, 크리스 데이비스에게 좌익수 앞 안타를 맞아 1사 1,3루의 실점 위기에 놓였다."
107,"오승환의 동갑내기 친구 추신수는 같은 날 미국 텍사스주 알링턴에 위치한 글로브 라이프 파크에서 열린 LA 에인절스와의 홈경기에 1번, 지명타자로 선발 출전해 4타수 1안타 1볼넷을 기록했다."
108,이날 추신수와 맞붙은 이도류 야구 천재 에인절스 오타니 쇼헤이는 8번 지명타자로 선발 출전해 3타수 1안타 1타점 1볼넷을 기록했다.
109,"8회 초에는 선두타자로 등장해 제이크 디크먼을 상대로 볼넷을 골라냈지만, 1루에서 견제구로 아웃 당했다. 오타니의 시즌 타율도 0.368에서 0.364로 약간 낮아졌다."
110,9년만에 돌아온 정 사장이 가장 먼저 한 일은 회사의 상태를 정확하게 진단하는 작업이었다. 이 과정에서 전임 경영진의 분식회계 등 각종 불법행위가 드러났다.
111,정 사장은 이를 정리하지 않고는 정상적인 경영이 불가능하다는 판단하에 수년간 방치해왔던 조 단위 적자폭탄을 터뜨렸다.
112,그는 취임 이후 구조조정의 필요성을 역설하며 노조를 설득하는 한편 급여 전액 반납 등 회사의 경영정상화를 위해 솔선수범했다.
113,지난해 영업이익 흑자 달성과 더불어 올해 연간 수주목표 달성 가능성도 점쳐지면서 정 사장의 연임도 청신호가 켜진 상황이다.
114,회사 내부 분위기는 물론 대우조선 노조 역시 정 사장의 연임을 크게 반대하는 목소리는 찾기 힘들다. 정 사장은 전임 경영진에 비해 노동조합과의 커뮤니케이션에도 적극적이라는 평가를 받고 있기 때문이다.
115,지난달 정기 주주총회에선 상정 안건에 사장 선임 건이 빠지면서 정 사장의 연임 불가론이 일기도 했다. 업계에선 그럼에도 불구하고 정 사장 외에 마땅한 인물의 하마평이 거론되지 않는 것은 연임이 유력하다는 방증으로 보고 있다.
116,정 사장의 임기는 다음달 28일 만료된다. 구원투수로 등판한 정 사장이 마무리 투수로서의 역할도 맡을지 기대되는 가운데 연임 여부는 다음달 열리는 임시 이사회에서 최종 결정될 전망이다.
117,11일 대한제강에 따르면 지난 10일 신평공장에서 작업중이던 근로자가 사망한 것으로 알려졌다.
118,신평공장은 이날 재해발생으로 인해 부산지방고용노동청으로부터 전면작업중지명령서를 받은 것으로 알려졌다.
119,대한제강 관계자는 현재 재해발생 원인 등을 조사 중에 있다며 재해 원인 파악 후 조치를 완료하고 지방노동청의 확인을 받아 작업을 재개할 예정이라고 말했다.
120,본사 지하 1층 국제회의장에서 2018 코리아 브랜드 한류박람회 한류 홍보대사 위촉식이 열려 홍보대사 엔시티127 태용이 참석하였다.
121,임현주 아나운서가 안경을 쓰고 뉴스를 진행해 화제에 오른 가운데 이에 대한 소감을 밝혀 눈길을 끌고 있다.
122,임현주 아나운서는 12일 자신의 인스타그램에 오늘 안경을 끼고 뉴스를 진행했습니다. 속눈썹을 붙이지 않으니 화장도 간단해지고 건조해서 매일 한통씩 쓰던 눈물약도 필요가 없더라고요라는 글과 함께 한 장의 사진을 게재했다.
123,앞서 임현주 아나운서는 이날 오전 뉴스투데이에서 지상파 여자 앵커 최초로 안경을 쓴 채 뉴스를 진행해 화제를 모았다. 임현주 아나운서의 이름은 포털사이트 검색어 상위권을 오르내리며 큰 반향을 불러일으키고 있다.
124,홍준표 자유한국당 대표와 김성태 원내대표가 12일 오전 서울 여의도 국회 의원회관 대회의실에서 열린 자유한국당 6.13 지방선거 후보자 출정식에서 손피켓을 교환하고 있다.
125,"마크 저커버그가 10일 워싱턴 상원 법사위원회와 상무위원회의 합동 청문회에 출석해, 페이스북 이용자 수천만 명의 개인정보가 무단으로 유출돼 지난 대선 과정에 이용됐다는 의혹과 관련한 증언을 하고 있다."
126,그는 영국 정보분석업체인 케임브리지 애널리티카가 관여한 페이스북 이용자 수천만명의 정보유출 사태와 관련해 증언을 하게 된다. 저커버그가 의회 청문회에 출석하는 것은 이번이 처음이다.
127,페이스북은 저커버그가 무사히 청문회를 마칠 수 있도록 수주에 걸쳐 준비해 왔다. 8일 뉴욕타임스에 따르면 페이스북은 공개석상에 나서는데 익숙하지 않은 저커버그의 환골탈태를 위해 외부 전문가들을 고용했다.
128,법무법인 윌머헤일 소속이자 조지 부시 전 대통령의 특별 보좌관 출신인 레지널드 브라운이 이끄는 전문가 팀의 목표는 저커버그를 반항적이고 비밀스러운 거물에서 잘못을 뉘우치는 개방적인 청년으로 보이게 만드는 것이다. 
129,"이들은 예상 질문 외에도 답변을 할 때의 속도, 말을 하는 도중 가로막혔을 때 대응하는 법까지 지도하는 것으로 알려졌다. 익명을 요구한 내부 관계자는 페이스북에서 모의 청문회가 열리기도 했다고 전했다."
130,민주당 의원들은 정보유출에 따른 사생활 침해 문제 외에도 11월 중간선거를 앞두고 페이스북이 악용될 가능성을 막을 방안을 질문할 것으로 보인다.
131,공화당 의원들은 사생활 문제를 언급하기보다 소셜미디어의 정치적 편향성에 대한 의혹을 제기할 전망이다.
132,"저커버그는 페이스북의 잘못을 인정하면서도, 최근 도입을 약속한 개인정보 정책을 설명함으로써 개선 의지를 피력할 것으로 여겨진다."
133,두산 포수 양의지는 지난 10일 대구 삼성 라이온즈 파크에서 열린 삼성 라이온즈와 방문 경기에서 7회 말 바뀐 투수 곽빈의 연습투구 때 공을 잡지 않고 살짝 피했다.
134,"이에 따라 공이 정종수 주심을 향해 날아갔고 주심이 황급히 피하면서 다치지는 않았지만, 고의성 논란이 불거졌다."
135,앞서 양의지가 7회 초 심판의 스트라이크 판정에 불만스러운 표정을 보였기 때문에 공을 피한 것이 고의적인 행동이지 않았느냐는 지적이 일었다.
136,상벌위는 내규 7항이 정한 벌금 중 최고 수위인 300만 원을 양의지에게 부과했다. 그러나 팀에 타격을 입힐 수 있는 출장 정지 처분은 하지 않았다.
137,고의성 여부를 떠나 그라운드에서 일어나서는 안 될 위험한 상황이 발생한 것을 경고한 것이라며 상벌위는 양의지가 앞선 스트라이크·볼 판정에 대한 불만을 표했다는 의도성에 대해서는 크게 보지 않았다고 설명했다.
138,장윤호 사무총장은 대다수 전문가도 여러 카메라와 많은 팬이 지켜보는 현대 야구에서 일부러 공을 놓쳐 심판을 해하는 행동을 벌이지는 않을 것이라는 의견을 주셨다.
139,"김태형 두산 감독도 바로 양의지를 불러 경고했고, 양의지도 반성하는 모습을 보였다며 정상 참작도 있었음을 시사했다."
140,카카오 택시가 어제부터 유료 서비스 스마트호출 기능을 추가했습니다. 이용자가 천 원을 내고 스마트호출을 하면 인공지능이 적용된 기술로 잘 응답할 것 같은 기사에게 배차 정보가 전달되는 개념입니다.
141,"기존의 무료 호출과 별개로 유료 서비스, 다시 말해 상품입니다. 카카오 택시 앱 자체가 택시를 호출하기 위한 중개 상품인데 그동안 무료로 제공했으니 조금 더 차별화된 유료 상품인 셈입니다."
142,택시업계에서는 카카오가 독점적 지위를 남용해 택시비 인상을 하려 한다는 논란에 휩싸였고 3월 말 서비스를 강행하려 했던 카카오는 일단 시점을 연기했습니다.
143,"이어 국토부가 기존 택시 콜 이용료, 그러니까 서울시 기준으로 주간 1천 원, 야간 2천 원에 준해야 한다는 권고안을 제시하자 이를 그대로 받아들이는 듯했습니다."
144,"그러나 지자체와의 협의 과정에서 또 한 번 난관에 부딪힌 카카오는 결국 유료화 시행 전날 밤 주,야간 구분 없이 모두 1천 원으로 결정했습니다."
145,"천 원으로 시작된 카카오 택시 유료 호출. 표면상으로는 카카오도 불만족, 택시업계도 불만족입니다. 카카오 측과 택시업계 측에 관련 입장을 물었을 때 공통적으로 대답한 말은 이러했습니다."
146,"같은 말이지만 사실 보는 시각은 전혀 다릅니다. 카카오는 우여곡절 끝에 천 원으로 시작했지만, 택시와 이용자들의 만족도를 보면서 그 이상의 서비스도 준비할 것이란 말입니다."
147,"반면 택시업계는 일단 천 원으로 시작했지만, 이용료 수준이 계속 올라갈 수 있는 만큼 예의주시하겠다는 의미입니다."
148,흥미로운 점은 카카오와 택시는 한 배를 타고 있다는 겁니다. 우버의 한국 진출 진통을 겪은 후 2015년 3월 카카오는 택시 플랫폼을 시작합니다.
149,서비스 시작부터 카카오와 택시는 윈윈 전략을 펼쳤고 같이 지내온 겁니다. 그런데 유료 서비스를 두고는 이구동성이긴 한데 동상이몽인듯한 모양새를 보이고 있습니다.
150,그러면 양측이 말하는 시장 상황에 대한 그림을 그려보겠습니다. 카카오가 유료 모델을 제시할 때 이른바 빅데이터를 활용했습니다.
151,그냥 데이터만 모은 게 아니겠죠. 유료 모델을 설계할 수 있는 데이터는 더더욱 집중했을 겁니다. 그래서 제시한 것이 수요 공급의 불균형입니다.
152,카카오가 제시한 자료를 보면 출퇴근 시간대나 심야 시간대에 수요 공급이 많게는 8배 이상 차이가 난다고 합니다.
153,반대로 낮 시간대를 분석해보면 수요 공급의 거의 일치한다고 합니다. 따라서 수요가 많은 시간대로 공급을 더 늘려야 하는데 택시에게도 동기가 필요하다는 것이죠.
154,카카오는 그것을 앱 이용료로 본다는 입장입니다. 즉 이용자가 이용료를 내면 그 돈의 절반 이상을 택시기사에게 준다는 것인데요.
155,편의상 절반으로 하면 500원입니다. 나머지 500원은 카카오가 갖게 되는데 여기서 결제와 관련한 시스템에 들어가는 비용 등을 빼면 그래도 400원 정도는 가져갈 겁니다.
156,카카오에 천 원의 쓰임새를 물었습니다. 명확하게 숫자를 공개하지는 않았는데 일단 절반 또는 절반 이상을 택시기사에게 준다고 했습니다.
157,이것저것 가리지 않고 호출에 잘 응하는 기사들에게 포인트를 준다는 겁니다. 포인트를 모아서 한 달에 한 번 환금한다는 겁니다.
158,택시기사 입장에서는 스마트 호출에 잘 응하면 호출료의 절반도 받고 포인트도 받는다는 것이 되겠죠.
159,"이 내용이 밤 시간대 공급 조절과 무슨 상관이 있을까요 생각해보시면 알겠지만, 스마트호출이 주로 쓰이는 시간대는 출퇴근, 더 정확히는 늦은 밤에 집중될 가능성이 클 것으로 보입니다."
160,카카오가 원하는 바람은 티끌 모아 태산이라는 믿음이 강한 택시가 특정 시간대 우르르 도로에 나와줘야 하는 겁니다.
161,그런데 약간의 문제가 있습니다. 유료 서비스이니 이용객들에게도 뭔가 혜택이 있어야 합니다. 그래서 카카오는 이용자가 스마트 호출을 할 경우 택시에는 목적지가 노출되지 않도록 했습니다.
162,"이에 대해 몇몇 택시 기사들에게 물어봤더니 스마트호출 오면 안 받는다, 그거 누르는 사람들 대부분 단거리 손님들 아니겠느냐고 말합니다."
163,카카오는 역시 이 부분도 고려했나 봅니다. 잘 안 받으면 호출 배정에 페널티를 주겠다고 말이죠.
164,반대로 택시에서 바라보는 시장 상황은 앱 이용료가 올라가는 것입니다. 택시비 인상의 의미로 받아들여질 수 있어 예의주시하겠다는 겁니다.
165,따라서 카카오가 원하는 시장 상황은 택시업계는 원하지 않는 시장 상황이 되는 것으로 지난 3년간 한 배를 타고 왔던 두 주체는 사실상 갈림길에 놓여 있습니다
166,중요한 것은 카카오가 시작했다는 것인데요. 카카오가 데이터 분석에 기반해 '천 원' 모델을 시작한 것인 만큼 그 효과가 제대로 나타나는지에 대한 데이터가 관건입니다.
167,"이용자 편의성, 택시 수요 공급 격차 해소와 같이 택시를 둘러싼 각 주체가 만족하는 수준의 결과 값이 나와야 지속 가능해집니다."
168,그런데 효과는 나타나지 않고 이익만 챙기고 있었다는 결론이 도출되면 카카오의 택시 플랫폼 전략은 실패로 끝나게 될 것입니다.
169,택시 서비스는 나라마다 다른 특성이 있어서 단순 비교는 힘듭니다. 다만 이동 이라는 키워드에서 다양한 융합 서비스들이 등장하고 있는 것만은 사실입니다.
170,어쩌면 카카오나 택시나 시작을 두고 팽팽한 기 싸움을 하는 이유는 따로 있을지도 모릅니다.
171,커다란 변화 앞에 놓여있음을 양쪽 다 알고 있기 때문인데 카풀을 놓고 물밑 신경전이 벌어지고 있는 것이 대표적인 사례입니다.
172,"2016년 7월 개봉한 이 영화는, 정권의 비호를 받는 이른바 화이트리스트라는 의혹에 시달리면서도 여름 극장가를 달구며 700만 명의 관객을 불러들였습니다."
173,배수펌프로 물을 빼내야 할 정돈데 바닷가에 인접한 데다 매립지여서 주민들 불안이 큽니다. 이준석 기자가 취재했습니다.
174,"빗물이나 일반 물이 아니고, 저것은 소금물입니다. 소금물 쉽게 말하면. 그러면 부식이 몇 배로 빠를 수가 있다는 이야기입니다."
175,"시공사 측에서 긴급하게 배수펌프로 물을 빼고 있지만, 아직까지 물은 흥건하게 차있습니다."
176,"워낙 벽면이 커서 지금 물 새는 곳이 있다고 하더라도 많다고 느껴지는데 지금 방수를 지속해서 하고 있고, 그다음에 벽면이 튼튼한 물건이기 때문에 큰 문제는 없다고 생각합니다."
177,"그러나 시공사 측은 이 물이 바닷물인지 지하수인지, 또 어디서 흘러들어오고 있는지도 파악하지 못하고 있습니다."
178,"주행 도중 감정싸움이 벌어진 것인데, 오토바이 운전자가 유리창문을 두드리며 거세게 항의하자 차량은 그대로 오토바이를 들이받았습니다."
179,미국의 한 댄스 교습소 건물에서 큰불이 났습니다. 2층에 갇혀있던 여중생들이 불길을 피해 창문으로 뛰어내렸는데요.
180,"행인들이 구해온 사다리로 몇 사람은 간신히 탈출하는데, 사다리가 그만 쓰러집니다. 매달려 버티고 있던 서너 명이 난간에서 몸을 던집니다."
181,"학생들이 휴대전화로 창문을 부수려 했지만, 안에서는 잘 안 깨졌다고 합니다. 이웃과 행인들의 도움 덕분에 전원 무사히 탈출했다고 합니다."
182,다이네는 지난해 10월 발매한 싱글음반 마이네 이후 6개월 만에 선보이는 신보다. 전작이 나에게 초점을 맞췄다면 신보는 나를 둘러싼 너에게 전하는 마음을 표현했다.
183,머라이어 캐리는 전 세계적으로 2억 장 넘는 음반을 판매하고 빌보드 싱글 차트 1위 곡을 18곡이나 배출한 바 있다.
184,"캐리는 또 심각한 수면장애도 갖고 있으며, 현재 약물 치료를 받고 있어 나아질 것이라고 기대하고 있다고 덧붙였다."
185,캐리는 11일 발행된 미 생활연예 매체 피플과 인터뷰에서 2001년 조울증 진단을 받았다. 신경쇠약으로 병원에 입원한 직후였다라고 말했다.
186,이어 최근까지 부정과 고립 속에서 살아왔다. 누군가 나에 대해 폭로할까 봐 공포를 느꼈다. 내가 짊어지고 가기에는 너무 무거운 짐이었다고 고백했다.
187,서울 부동산시장이 집을 사려는 사람보다 팔고자 하는 사람이 더 많은 매수자 우위 시장으로 돌아섰다.
188,국민은행의 주간 주택시장동향 조사결과에 따르면 이번 달 첫째 주 기준 서울 아파트 매수우위지수는 94.8로 집계돼 3개월 만에 기준점인 100을 밑돌았다.
189,매수우위지수는 부동산중개업체 3천여 곳을 대상으로 아파트 매도자와 매수자 가운데 어느 쪽이 많은지를 확인해 산출하는 지수다.
190,서울 매수우위지수는 2006년 12월 101.2를 기록한 이후 무려 10년 가까이 기준점을 밑돌았다.
191,"2012년에는 한 자릿수로 떨어지기도 했다. 하지만 집값 상승 전망이 힘을 얻으면서 2016년 6월부터 10월까지, 지난해 5월부터 7월 말까지 각각 18주, 11주 연속으로 100을 넘겼다."
192,통상 아파트 가격이 급등한다는 기대가 있으면 사려는 수요가 늘면서 매도자가 힘을 얻는 매도자 우위 시장이 형성된다.
193,아파트 거래량도 얼어붙었다. 서울 매매거래지수는 17.9로 지난해 11월 6일 이후 5개월 만에 가장 낮은 수준을 기록했다.
194,이번 달부터 다주택자가 집을 팔 때 최고 62 퍼센트의 양도세를 물리는 다주택자 중과세 정책이 시행되면서 거래량 감소는 이미 예견된 일이었다.
195,전세시장의 움직임도 심상치 않다. 서울 지역 전세수급지수는 2일 111.3으로 2009년 3월 23일 이후 약 9년 만에 가장 낮았다.
196,지난해 전국 아파트 입주물량은 38만 6천 호로 1998년 이후 최대치를 기록했다. 올해 입주물량 역시 44만 2천 호에 이를 전망이다. 
197,해외에선 스텔싱 피해 사례가 늘어나면서 민감한 사회문제로 떠올랐는데요. 스텔싱을 성폭력 범죄로 처벌해야 한다는 목소리도 커지고 있습니다.
198,국내에서도 최근 대학 익명게시판인 대나무숲에 스텔싱 피해를 당했다는 사례가 잇따라 올라왔는데요.
199,싼 중고차 매물을 보고 찾아온 손님에게 엉뚱한 차량을 강매한 중고차 업자들이 무더기로 적발됐습니다.
200,"경찰 조사 결과, 이들은 자신들이 운영하는 중고차 매매 사이트 2곳에 시세보다 저렴한 중고차 매물을 올리고, 피해자들을 유인했습니다."
201,"물건을 확인한 피해자들이 계약서를 작성하면, 그 사이 다른 공범이 차량의 부품을 빼내 계약 차량이 고장 난 것처럼 위장하는 일명 덜덜이 작업을 했습니다."
202,"폭력적으로 협박해 시세 800만 원 상당의 중고차를 1,700만 원에 파는 등 다른 중고차를 비싸게 강매한 것으로 드러났습니다."
203,삼성전자 반도체 생산 공장 등의 작업환경측정결과보고서 공개 여부를 두고 논란이 일고 있다.
204,"고용노동부가 법원 판결을 근거로 해당 보고서를 공개하기로 결정했는데, 삼성전자가 해당 보고서에 영업기밀이 포함돼 있다며 공개해선 안 된다고 맞서고 있기 때문이다."
205,"삼성전자는 권익위원회 행정심판, 법원 행정소송, 산업부 전문가위원회 판정 등을 통해 여러 방면에서 보고서 공개 저지를 위해 총력을 다하고 있다."
206,원심을 뒤집어 원고인 삼성전자 근로자 이 모 씨 유족에게 2007년부터 2014년까지의 온양공장 작업환경보고서를 모두 공개하도록 결정한 것이다.
207,작업환경보고서는 삼성이 고용노동부에 제출하게 돼 있기 때문에 이 소송의 피고는 해당 보고서를 가지고 있는 대전지방고용노동청 천안지청장이었다.
208,"삼성 공장 직업병 피해자와 한 언론사가 다른 삼성 공장의 작업환경보고서 공개를 요청했고, 고용노동부는 대전고법 판결을 근거로 보고서를 공개하기로 했다."
209,"고용부에 따르면 삼성은 이미 삼성디스플레이 탕정공장, 삼성전자 기흥공장 등 4건의 작업환경보고서 공개 결정에 대해 행정심판을 청구하고, 행정소송을 제기했다."
210,삼성과 일부 언론 등은 해당 보고서에 삼성의 핵심 영업기밀이 포함돼 있기 때문에 이를 공개하면 안 된다고 주장하고 있다.
211,이 같은 상황에서 작업환경보고서에 정말 영업비밀이 포함돼 있는가를 따지려면 현재 제기된 소송의 결과를 기다릴 수밖에 없다.
212,하지만 온양공장 작업환경보고서에 한해서는 고등법원 판결을 고용부가 수용하면서 작업환경보고서가 유족에 이미 공개된 상태다.
213,이에 해당 판결문이 어떤 근거로 어떻게 판단했는지를 따져보면 온양공장 보고서에 한해서라지만 일정 부분 팩트 체크가 가능하다.
214,"온양공장 작업환경보고서 속 측정위치도가 삼성전자의 경영,영업상 비밀에 해당한다고 보기 어렵고, 측정위치도가 공개될 경우 삼성전자의 생산방법 등 기술적 노하우가 유출되거나 삼성전자의 경쟁력이 약화돼 이익을 해칠 우려가 있다고 보기 어렵다"
215,판결문에 따르면 작업환경보고서에는 라인명과 공정명이 기재돼 있을 뿐 공정간 배열이 기재돼 있지 않다.
216,"측정위치도는 삼성전자 온양공장의 개략적인 도면 위에 유해인자 등의 측정위치를 표시한 것에 불과하며, 그 자체로는 법인 등의 경영상,영업상 비밀에 해당한다고 보기 어렵다"
217,측정위치도를 공개되는 다른 정보와 대조해 보면 해당 유해인자가 공장 어느 지점에서 어느 정도 측정됐는지 대략 파악할 수 있게 된다.
218,판결문에 따르면 작업환경보고서에 영업기밀이 포함돼 있다는 삼성전자 측의 주장은 거짓이다.
219,대전고등법원이 온양공장 작업환경보고서를 두고 판결한 만큼 이는 온양공장 작업환경보고서에 국한된 팩트체크 결과다.
220,현재 삼성이 제기한 소송 결과가 대전고법의 작업환경보고서 공개 판결과 반대되는 것으로 나오기 전까지는 작업환경보고서에 영업비밀이 들어있다는 주장은 대체로 거짓이라고 볼 수 있다.
221,조용필은 11일 오후 서울 용산구 블루스퀘어 아이마켓홀에서 데뷔 50주년 기자간담회를 진행했다.
222,배우 다니엘 헤니가 미국에서 활동 중인 일본계 배우 류 쿠마가이와의 열애설을 부인했다.
223,다니엘 헤니와 류 쿠마가이는 각각 1월 16일과 15일 하루 차이를 두고 해변에서 강아지와 함께 찍은 사진을 올렸다.
224,"다니엘 헤니의 소속사 에코글로벌그룹은 9일 오후 공식 보도자료를 통해 본인 확인 결과, 사적인 모임에서 만난 배우 동료로 류 쿠마가이씨와는 친한 동료 사이일 뿐이라고 열애설을 부인했다. "
225,어느 산골 학교로 교육지원을 나갔다가 10일 만에 삭발을 결심한 한 여대생이 있습니다.
226,"학교가 깊은 산골에 있어 뜨거운 물이 잘 나오지 않자 머리를 감는 데 어려움을 겪었고, 이에 여성은 머리보다도 학생들 교육에 더 집중하기 위해 삭발을 결심한 것인데요."
227,"여성은 삭발로 진실한 나를 볼 수 있고 시간도 아낄 수 있다며, 진심으로 교육에 임할 것이라고 덧붙였습니다."
228,앞서 지드래곤이 강원도 철원 육군 3사단 백골부대 신병교육대로 입소한다고 알려지자 해당 부대에 주원과 지창욱이 조교로 복무 중인 사실이 거론되며 두 사람이 복무 중 만날지에 관심이 쏠린 바 있다.
229,"주인이 반려견 두 마리를 얌전히 앉아서 기다리게 한 후, 각각의 앞에 간식을 한 개씩 놓아줍니다."
230,수도권의 한 아파트 단지에서 택배 차량을 지상으로 들어오지 못하게 통제하자 일부 택배업체들이 주차장에 택배를 쌓아두고 있습니다.
231,지상을 통제하면 지하주차장으로 들어가면 되지만 지하 주차장은 높이 제한이 있어서 이보다 높은 택배 차량은 들어갈 수 없습니다.
232,택배업체들은 지상 차량 이동이 통제된 상황에서는 각 집마다 배달이 쉽지 않고 차량을 지하주차장 제한 높이에 맞춰 낮추기도 어렵다고 말합니다.
233,단지가 크다 보니까 가까운 데는 어느 정도 배송하겠지만 안쪽 먼 곳까지는 배달하기가 상당히 힘든 상황입니다.
234,비가 그치고 내일 새벽부터는 황사가 날아오겠고 황사와 먼지가 뒤섞여 대기질이 좋지 않겠습니다.
235,택시 업계는 카카오택시가 요금 인상 주도권을 빼앗으려 한다고 반발하면서 논란이 커졌습니다.
236,국토부가 법률 검토를 통해 기존 콜택시 수수료 수준에서 이용 요금을 결정돼야 한다고 권고했는데요.
237,출퇴근 시간이나 심야시간에 카카오 택시를 호출하면 잘 오질 않는다는 불만이 적지 않습니다.
238,빅데이터와 인공지능 기술이 접목되면서 수요 공급 폭을 줄이면 결국 그 혜택이 이용객들에게 돌아간다는 입장입니다.
239,"중국의 경우 차량 공유 기업인 디디추싱이 택시 앱을 활용해 수요 예측 등을 하는데 이용 요금이 우리돈 최대 3,300원입니다."
240,"말레이시아나 일본에서도 전자, 통신업체들과 택시업계가 융합한 새로운 서비스들이 등장해 시장에서 긍정적 반응을 얻고 있습니다."
241,국내 업체도 향후 이용자 반응을 지켜보면서 기술 서비스와 요금 인상 폭 등을 결정한다는 입장입니다.
242,앞으로 기술 발전과 실수요자인 택시 이용객들의 만족 정도에 따라 국내 택시 업계에도 상당한 변화가 예상됩니다.
243,만들어진 지 30년이 넘어서 시설이 낙후된 평화의 집은 보수 작업이 한창이었습니다.
244,취재진의 최고 관심사는 김정은 국무위원장이 어떻게 평화의 집까지 오는 지였습니다.
245,날씨가 맑아서 저 멀리 개성까지 볼 수 있었습니다. 개성공단의 일부 높은 건물을 육안으로 확인할 수 있었습니다.
246,"2016년 2월 개성공단이 폐쇄된 이후 북한과의 민간 교류는 거의 끊긴 상황, 남북 간의 민간 교류가 다시 재개될 수 있을지, 관심은 27일 남북정상회담이 열릴 판문점으로 다시 향하고 있습니다."
247,얼마 후 이 씨의 페이스북을 본 후배가 영상 속의 인물을 알고 있다. 지금 광주 서구의 한 모텔에 있다고 알려왔다. 이후 이 씨는 경찰에 신고했고 경찰은 모텔에 있던 김 군을 붙잡았다.
248,차기 유력후보였지만 자신의 여 비서를 성폭행한 혐의로 불구속 기소된 안희정 전 충남지사 사건을 연상시키는 사건이 미국에서 발생한 것이다.
249,"보고서에 따르면 이 여성은 그레이튼스 주지사가 자신의 손발을 묶고 눈을 가린 채 사진을 찍고서는, 우리 내연관계가 새 나가면 사진을 공개하겠다고 협박했다고 진술했다."
250,문재인 대통령은 2012년 18대 대선과 2017년 19대 대선 후보 시절 노인복지 공약으로 어버이날의 법정 공휴일 지정을 약속했다.
